# OBJ generated by ONSHAPE BY PTC INC, 1.216 Units = meters
mtllib A-Fix.mtl
g Part 1
v -0.000378972 0.0280103 0.0411083 
v -0.000756833 0.028041 0.0338052 
v -0.00113247 0.0280922 0.033841 
v -0.000378972 0.0280103 0.0337836 
v -0.00113247 0.0280922 0.0411656 
v -0.000756833 0.028041 0.0411298 
v -0.00150479 0.0281637 0.033891 
v -0.0018727 0.0282552 0.0339551 
v -0.0018727 0.0282552 0.0412797 
v -0.00150479 0.0281637 0.0412157 
v -0.00223511 0.0283664 0.034033 
v -0.00259097 0.0284972 0.0341245 
v -0.00259097 0.0284972 0.0414492 
v -0.00223511 0.0283664 0.0413576 
v -0.00293922 0.028647 0.0342294 
v -0.00327886 0.0288154 0.0343474 
v -0.00327886 0.0288154 0.041672 
v -0.00293922 0.028647 0.0415541 
v -0.00360888 0.029002 0.034478 
v -0.00392831 0.0292062 0.034621 
v -0.00392831 0.0292062 0.0419456 
v -0.00360888 0.029002 0.0418027 
v -0.00423622 0.0294273 0.0347759 
v -0.0045317 0.0296649 0.0349422 
v -0.0045317 0.0296649 0.0422668 
v -0.00423622 0.0294273 0.0421005 
v -0.00508197 0.0301861 0.0353072 
v -0.00508197 0.0301861 0.0426318 
v -0.00557265 0.0307638 0.0357116 
v -0.00557265 0.0307638 0.0430363 
v -0.005998 0.0313911 0.0361509 
v -0.00635303 0.0320608 0.0366198 
v -0.00635303 0.0320608 0.0439445 
v -0.005998 0.0313911 0.0434756 
v -0.00663357 0.0327649 0.0371128 
v -0.00663357 0.0327649 0.0444375 
v -0.00683634 0.0334952 0.0376242 
v -0.00683634 0.0334952 0.0449489 
v -0.00695897 0.0342432 0.0381479 
v -0.00695897 0.0342432 0.0454726 
v -0.007 0.035 0.0386779 
v -0.007 0.035 0.0460025 
v -0.00695897 0.0357568 0.0392078 
v -0.00695897 0.0357568 0.0465325 
v -0.00683634 0.0365048 0.0397315 
v -0.00683634 0.0365048 0.0470562 
v -0.00663357 0.0372351 0.0402429 
v -0.00663357 0.0372351 0.0475676 
v -0.00635303 0.0379392 0.0407359 
v -0.00635303 0.0379392 0.0480606 
v -0.005998 0.0386089 0.0412048 
v -0.005998 0.0386089 0.0485295 
v -0.00557265 0.0392362 0.0416441 
v -0.00557265 0.0392362 0.0489688 
v -0.00508197 0.0398139 0.0420486 
v -0.0045317 0.0403351 0.0424136 
v -0.0045317 0.0403351 0.0497382 
v -0.00508197 0.0398139 0.0493733 
v -0.00392831 0.0407938 0.0427348 
v -0.00423622 0.0405727 0.0499045 
v -0.00392831 0.0407938 0.0500594 
v -0.00423622 0.0405727 0.0425799 
v -0.00327886 0.0411846 0.0430084 
v -0.00360888 0.040998 0.0502024 
v -0.00327886 0.0411846 0.050333 
v -0.00360888 0.040998 0.0428777 
v -0.00259097 0.0415028 0.0432312 
v -0.00293922 0.041353 0.050451 
v -0.00259097 0.0415028 0.0505559 
v -0.00293922 0.041353 0.0431263 
v -0.0018727 0.0417448 0.0434007 
v -0.00223511 0.0416336 0.0506474 
v -0.0018727 0.0417448 0.0507253 
v -0.00223511 0.0416336 0.0433228 
v -0.00113247 0.0419078 0.0435148 
v -0.00150479 0.0418363 0.0507894 
v -0.00113247 0.0419078 0.0508394 
v -0.00150479 0.0418363 0.0434647 
v -0.000378972 0.0419897 0.0435721 
v -0.000756833 0.041959 0.0508752 
v -0.000378972 0.0419897 0.0508968 
v -0.000756833 0.041959 0.0435506 
v 0.000378972 0.0419897 0.0508968 
v -1.38778e-17 0.042 0.050904 
v 1.1534e-17 0.042 0.0435793 
v 0.000378972 0.0419897 0.0435721 
v 0.000756833 0.041959 0.0435506 
v 0.00113247 0.0419078 0.0508394 
v 0.000756833 0.041959 0.0508752 
v 0.00113247 0.0419078 0.0435148 
v 0.00150479 0.0418363 0.0434647 
v 0.0018727 0.0417448 0.0507253 
v 0.00150479 0.0418363 0.0507894 
v 0.0018727 0.0417448 0.0434007 
v 0.00223511 0.0416336 0.0433228 
v 0.00259097 0.0415028 0.0505559 
v 0.00223511 0.0416336 0.0506474 
v 0.00259097 0.0415028 0.0432312 
v 0.00293922 0.041353 0.0431263 
v 0.00327886 0.0411846 0.050333 
v 0.00293922 0.041353 0.050451 
v 0.00327886 0.0411846 0.0430084 
v 0.00360888 0.040998 0.0428777 
v 0.00392831 0.0407938 0.0500594 
v 0.00360888 0.040998 0.0502024 
v 0.00392831 0.0407938 0.0427348 
v 0.00423622 0.0405727 0.0425799 
v 0.0045317 0.0403351 0.0497382 
v 0.00423622 0.0405727 0.0499045 
v 0.0045317 0.0403351 0.0424136 
v 0.00508197 0.0398139 0.0420486 
v 0.00508197 0.0398139 0.0493733 
v 0.00557265 0.0392362 0.0489688 
v 0.00557265 0.0392362 0.0416441 
v 0.005998 0.0386089 0.0412048 
v 0.005998 0.0386089 0.0485295 
v 0.00635303 0.0379392 0.0407359 
v 0.00635303 0.0379392 0.0480606 
v 0.00663357 0.0372351 0.0402429 
v 0.00663357 0.0372351 0.0475676 
v 0.00683634 0.0365048 0.0397315 
v 0.00683634 0.0365048 0.0470562 
v 0.00695897 0.0357568 0.0392078 
v 0.00695897 0.0357568 0.0465325 
v 0.007 0.035 0.0386779 
v 0.007 0.035 0.0460025 
v 0.00695897 0.0342432 0.0381479 
v 0.00695897 0.0342432 0.0454726 
v 0.00683634 0.0334952 0.0449489 
v 0.00683634 0.0334952 0.0376242 
v 0.00663357 0.0327649 0.0371128 
v 0.00663357 0.0327649 0.0444375 
v 0.00635303 0.0320608 0.0366198 
v 0.00635303 0.0320608 0.0439445 
v 0.005998 0.0313911 0.0434756 
v 0.00557265 0.0307638 0.0430363 
v 0.005998 0.0313911 0.0361509 
v 0.00557265 0.0307638 0.0357116 
v 0.00508197 0.0301861 0.0353072 
v 0.00508197 0.0301861 0.0426318 
v 0.0045317 0.0296649 0.0349422 
v 0.0045317 0.0296649 0.0422668 
v 0.00392831 0.0292062 0.0419456 
v 0.00423622 0.0294273 0.0421005 
v 0.00423622 0.0294273 0.0347759 
v 0.00392831 0.0292062 0.034621 
v 0.00327886 0.0288154 0.041672 
v 0.00360888 0.029002 0.0418027 
v 0.00360888 0.029002 0.034478 
v 0.00327886 0.0288154 0.0343474 
v 0.00259097 0.0284972 0.0414492 
v 0.00293922 0.028647 0.0415541 
v 0.00293922 0.028647 0.0342294 
v 0.00259097 0.0284972 0.0341245 
v 0.0018727 0.0282552 0.0412797 
v 0.00223511 0.0283664 0.0413576 
v 0.00223511 0.0283664 0.034033 
v 0.0018727 0.0282552 0.0339551 
v 0.00113247 0.0280922 0.0411656 
v 0.00150479 0.0281637 0.0412157 
v 0.00150479 0.0281637 0.033891 
v 0.00113247 0.0280922 0.033841 
v 0.000378972 0.0280103 0.0411083 
v 0.000756833 0.028041 0.0411298 
v 0.000756833 0.028041 0.0338052 
v 0.000378972 0.0280103 0.0337836 
v 1.16942e-17 0.028 0.0337764 
v -1.38778e-17 0.028 0.0411011 
v -0.0241329 3.3866e-05 0.0141943 
v -0.023869 0.000223442 0.0143271 
v -0.00223511 -0.00663357 0.00952574 
v 0.0215 0.022 0.0295752 
v -0.0018727 -0.00674485 0.00944782 
v 0.0215 0.005 0.0176717 
v 0.00635303 0.00293922 0.0162287 
v -0.0244067 -0.000141143 0.0140718 
v -0.0246895 -0.000301072 0.0139598 
v -0.0280255 0.0414074 0.0431644 
v -0.00392831 0.00579382 0.0182275 
v -0.00423622 0.00557265 0.0180726 
v 0.0018727 -0.00674485 0.00944782 
v 0.0244067 -0.000141143 0.0140718 
v 0.0246895 -0.000301072 0.0139598 
v -0.0249807 -0.000445453 0.0138587 
v -0.0488243 -0.010779 0.00662309 
v -0.0313843 0.000427028 0.0144696 
v -0.031131 0.000223442 0.0143271 
v -0.00360888 0.005998 0.0183705 
v 0.0335 0.022 0.0295752 
v 0.0441407 0.0234862 0.0306158 
v 0.0464185 0.018583 0.0271825 
v -0.00663357 0.00223511 0.0157357 
v -0.00683634 0.00150479 0.0152243 
v -0.0216403 0.00371018 0.0167685 
v -0.0218141 0.00308419 0.0163302 
v -0.0220545 0.00248067 0.0159076 
v -0.007 1.71451e-18 0.0141706 
v 0.0488243 -0.010779 0.00662309 
v 0.0308671 3.3866e-05 0.0141943 
v 0.031131 0.000223442 0.0143271 
v 0.0249807 -0.000445453 0.0138587 
v -0.0252792 -0.00057386 0.0137688 
v -0.0308671 3.3866e-05 0.0141943 
v -0.00327886 0.00618458 0.0185011 
v 0.0241329 0.0269661 0.0330525 
v 0.023869 0.0267766 0.0329198 
v 0.0335 0.005 0.0176717 
v -0.0215352 0.00435129 0.0172174 
v -0.00695897 0.000756833 0.0147006 
v -0.00695897 -0.000756833 0.0136407 
v 0.0305933 -0.000141143 0.0140718 
v 0.0252792 -0.00057386 0.0137688 
v -0.0255842 -0.000685919 0.0136903 
v -0.0305933 -0.000141143 0.0140718 
v -0.00293922 0.00635303 0.0186191 
v 0.0244067 0.0271411 0.033175 
v 0.00663357 0.00223511 0.0157357 
v 0.0481535 0.0134625 0.0235971 
v -0.0236157 0.026573 0.0327772 
v -0.023869 0.0267766 0.0329198 
v -0.00683634 -0.00150479 0.0131169 
v 0.0303105 -0.000301072 0.0139598 
v 0.00223511 -0.00663357 0.00952574 
v 0.0236157 0.000427028 0.0144696 
v 0.023869 0.000223442 0.0143271 
v 0.0262102 -0.000859723 0.0135686 
v 0.00150479 -0.00683634 0.00938375 
v 0.0255842 -0.000685919 0.0136903 
v -0.0258948 -0.0007813 0.0136235 
v -0.0303105 -0.000301072 0.0139598 
v -0.00259097 0.00650284 0.0187239 
v 0.0246895 0.0273011 0.033287 
v 0.0493256 0.00818459 0.0199015 
v -0.0241329 0.0269661 0.0330525 
v -0.00663357 -0.00223511 0.0126056 
v 0.0300193 -0.000445453 0.0138587 
v 0.0241329 3.3866e-05 0.0141943 
v 0.0258948 -0.0007813 0.0136235 
v -0.0262102 -0.000859723 0.0135686 
v -0.0271752 -0.0009912 0.0134766 
v -0.0268513 -0.000964828 0.013495 
v -0.0300193 -0.000445453 0.0138587 
v -0.00223511 0.00663357 0.0188155 
v 0.010734 0.0488342 0.0483647 
v 0.0249807 0.0274455 0.0333881 
v 0.0499209 0.00281101 0.0161389 
v -0.0244067 0.0271411 0.033175 
v -0.0215 0.005 0.0176717 
v -0.00635303 0.00293922 0.0162287 
v -0.0223589 0.00190668 0.0155057 
v 0.0297208 -0.00057386 0.0137688 
v 0.000756833 -0.00695897 0.00929789 
v 0.00113247 -0.00690779 0.00933373 
v -0.0236157 0.000427028 0.0144696 
v -0.00150479 -0.00683634 0.00938375 
v -0.0297208 -0.00057386 0.0137688 
v -0.0018727 0.00674485 0.0188934 
v 0.0133585 0.0481825 0.0479083 
v 0.0252792 0.0275739 0.033478 
v 0.0280255 0.0414074 0.0431644 
v 0.0255842 0.0276859 0.0335565 
v -0.0335 0.022 0.0295752 
v -0.0335 0.005 0.0176717 
v -0.0464185 0.018583 0.0271825 
v 0.0334648 0.00435129 0.0172174 
v -0.0246895 0.0273011 0.033287 
v -0.00635303 -0.00293922 0.0121125 
v 0.0294158 -0.000685919 0.0136903 
v 0.0268513 -0.000964828 0.013495 
v 0.000378972 -0.00698973 0.00927635 
v -0.0265293 -0.000920959 0.0135258 
v -0.00113247 -0.00690779 0.00933373 
v -0.0294158 -0.000685919 0.0136903 
v -0.00150479 0.00683634 0.0189575 
v -0.0133585 0.0481825 0.0479083 
v -0.010734 0.0488342 0.0483647 
v 0.0045317 0.00533513 0.0179063 
v 0.00423622 0.00557265 0.0180726 
v -0.0481535 0.0134625 0.0235971 
v 0.0380695 0.0324147 0.0368676 
v 0.0313843 0.026573 0.0327772 
v 0.031131 0.0267766 0.0329198 
v 0.0334648 0.0226487 0.0300294 
v -0.0249807 0.0274455 0.0333881 
v -0.00508197 0.0048139 0.0175413 
v -0.00557265 0.00423622 0.0171368 
v -0.0215 0.022 0.0295752 
v 0.0291052 -0.0007813 0.0136235 
v 0.0265293 -0.000920959 0.0135258 
v -0.000756833 -0.00695897 0.00929789 
v -0.0291052 -0.0007813 0.0136235 
v -0.00113247 0.00690779 0.0190075 
v 0.00807808 0.0493431 0.048721 
v 0.0258948 0.0277813 0.0336233 
v 0.00392831 0.00579382 0.0182275 
v -0.0493256 0.00818459 0.0199015 
v 0.0343471 0.0363356 0.0396131 
v 0.0305933 0.0271411 0.033175 
v 0.0308671 0.0269661 0.0330525 
v 0.0333597 0.00371018 0.0167685 
v 0.0499326 -0.00259543 0.0123533 
v 0.0331859 0.00308419 0.0163302 
v -0.0252792 0.0275739 0.033478 
v -0.005998 0.00360888 0.0166976 
v -0.0215352 0.0226487 0.0300294 
v 0.0287898 -0.000859723 0.0135686 
v -0.000378972 -0.00698973 0.00927635 
v -0.0287898 -0.000859723 0.0135686 
v -0.000756833 0.00695897 0.0190433 
v 0.0262102 0.0278597 0.0336782 
v 0.00360888 0.005998 0.0183705 
v -0.0499209 0.00281101 0.0161389 
v 0.0333597 0.0232898 0.0304783 
v 0.0331859 0.0239158 0.0309166 
v -0.0255842 0.0276859 0.0335565 
v -0.0216403 0.0232898 0.0304783 
v 0.0284707 -0.000920959 0.0135258 
v 0.0271752 -0.0009912 0.0134766 
v 1.28588e-18 -0.007 0.00926916 
v -0.0275 -0.001 0.0134704 
v -0.0284707 -0.000920959 0.0135258 
v -0.000378972 0.00698973 0.0190649 
v -0.00807808 0.0493431 0.048721 
v 0.00539855 0.0497077 0.0489763 
v 0.0265293 0.027921 0.0337211 
v 0.0218141 0.00308419 0.0163302 
v 0.00695897 0.000756833 0.0147006 
v 0.00683634 0.00150479 0.0152243 
v 0.0215352 0.00435129 0.0172174 
v 0.0216403 0.00371018 0.0167685 
v 0.00327886 0.00618458 0.0185011 
v -0.0441407 0.0234862 0.0306158 
v -0.0334648 0.0226487 0.0300294 
v 0.0303105 0.0273011 0.033287 
v -0.023144 0.000873803 0.0147825 
v -0.0045317 -0.00533513 0.0104349 
v -0.00423622 -0.00557265 0.0102686 
v -0.0258948 0.0277813 0.0336233 
v -0.005998 -0.00360888 0.0116437 
v -0.0220545 0.0245193 0.0313392 
v -0.0223589 0.0250933 0.0317411 
v -0.0218141 0.0239158 0.0309166 
v 0.0281487 -0.000964828 0.013495 
v -0.0281487 -0.000964828 0.013495 
v 1.12569e-18 0.007 0.0190721 
v 0.0268513 0.0279648 0.0337518 
v 0.0220545 0.00248067 0.0159076 
v 0.00695897 -0.000756833 0.0136407 
v 0.007 1.28588e-18 0.0141706 
v 0.00293922 0.00635303 0.0186191 
v 0.0300193 0.0274455 0.0333881 
v 0.0413468 0.0281148 0.0338568 
v -0.00392831 -0.00579382 0.0101137 
v -0.0262102 0.0278597 0.0336782 
v -0.00557265 -0.00423622 0.0112044 
v -0.0227234 0.00136895 0.0151292 
v 0.0278248 -0.0009912 0.0134766 
v -0.0278248 -0.0009912 0.0134766 
v -0.00539855 0.0497077 0.0489763 
v 0.0271752 0.0279912 0.0337703 
v 0.00683634 -0.00150479 0.0131169 
v 0.00259097 0.00650284 0.0187239 
v -0.0334648 0.00435129 0.0172174 
v -0.0380695 0.0324147 0.0368676 
v -0.0308671 0.0269661 0.0330525 
v -0.031131 0.0267766 0.0329198 
v 0.0291052 0.0277813 0.0336233 
v 0.0323324 0.0381394 0.0408761 
v 0.0297208 0.0275739 0.033478 
v 0.0329455 0.00248067 0.0159076 
v -0.00360888 -0.005998 0.00997077 
v -0.0265293 0.027921 0.0337211 
v 0.0275 -0.001 0.0134704 
v -0.0045317 0.00533513 0.0179063 
v 0.00270323 0.0499269 0.0491298 
v 0.0233908 0.0441913 0.0451137 
v 0.0236157 0.026573 0.0327772 
v 0.023144 0.0261262 0.0324644 
v 0.0275 0.028 0.0337764 
v 0.0223589 0.00190668 0.0155057 
v 0.00635303 -0.00293922 0.0121125 
v 0.00663357 -0.00223511 0.0126056 
v 0.00223511 0.00663357 0.0188155 
v -0.0333597 0.0232898 0.0304783 
v -0.0413468 0.0281148 0.0338568 
v -0.0331859 0.0239158 0.0309166 
v -0.0305933 0.0271411 0.033175 
v -0.0343471 0.0363356 0.0396131 
v -0.0303105 0.0273011 0.033287 
v 0.0294158 0.0276859 0.0335565 
v 0.0329455 0.0245193 0.0313392 
v -0.00327886 -0.00618458 0.00984012 
v -0.0268513 0.0279648 0.0337518 
v -0.0227234 0.025631 0.0321177 
v 0.0218141 0.0239158 0.0309166 
v 0.0216403 0.0232898 0.0304783 
v 0.0257458 0.042862 0.0441829 
v 0.005998 -0.00360888 0.0116437 
v 0.0018727 0.00674485 0.0188934 
v -0.0333597 0.00371018 0.0167685 
v -0.0331859 0.00308419 0.0163302 
v 0.0284707 0.027921 0.0337211 
v 0.0302231 0.0398317 0.042061 
v 0.0326411 0.00190668 0.0155057 
v 0.0322766 0.00136895 0.0151292 
v -0.00293922 -0.00635303 0.00972218 
v -0.0271752 0.0279912 0.0337703 
v 0.023144 0.000873803 0.0147825 
v -0.0257458 0.042862 0.0441829 
v -0.0233908 0.0441913 0.0451137 
v -0.00270323 0.0499269 0.0491298 
v 0.0227234 0.025631 0.0321177 
v 0.0223589 0.0250933 0.0317411 
v 0.0220545 0.0245193 0.0313392 
v 0.0209674 0.0453913 0.0459539 
v 0.00293922 -0.00635303 0.00972218 
v 0.00327886 -0.00618458 0.00984012 
v 0.00150479 0.00683634 0.0189575 
v -0.0300193 0.0274455 0.0333881 
v 0.0287898 0.0278597 0.0336782 
v 0.0493605 -0.00797153 0.00858889 
v -0.00259097 -0.00650284 0.00961728 
v -0.023144 0.0261262 0.0324644 
v -0.00508197 -0.0048139 0.0107999 
v -0.031856 0.000873803 0.0147825 
v 0.0184827 0.0464585 0.0467012 
v 0.00557265 -0.00423622 0.0112044 
v 0.00360888 -0.005998 0.00997077 
v 0.00392831 -0.00579382 0.0101137 
v 0.00259097 -0.00650284 0.00961728 
v 0.00113247 0.00690779 0.0190075 
v -0.0499326 -0.00259543 0.0123533 
v -0.0297208 0.0275739 0.033478 
v 0.0278248 0.0279912 0.0337703 
v 0.0322766 0.025631 0.0321177 
v 0.0326411 0.0250933 0.0317411 
v 0.0313843 0.000427028 0.0144696 
v -0.0209674 0.0453913 0.0459539 
v -1.38778e-17 0.05 0.049181 
v 0.0215352 0.0226487 0.0300294 
v 0.0159439 0.0473898 0.0473533 
v 0.00423622 -0.00557265 0.0102686 
v 0.000756833 0.00695897 0.0190433 
v -0.0329455 0.0245193 0.0313392 
v -0.0294158 0.0276859 0.0335565 
v -0.0291052 0.0277813 0.0336233 
v 0.0281487 0.0279648 0.0337518 
v 0.031856 0.000873803 0.0147825 
v -0.0275 0.028 0.0337764 
v -0.0184827 0.0464585 0.0467012 
v 0.0227234 0.00136895 0.0151292 
v 0.000378972 0.00698973 0.0190649 
v -0.0329455 0.00248067 0.0159076 
v -0.0323324 0.0381394 0.0408761 
v -0.0159439 0.0473898 0.0473533 
v 0.00508197 -0.0048139 0.0107999 
v 0.0045317 -0.00533513 0.0104349 
v 0.00508197 0.0048139 0.0175413 
v 0.005998 0.00360888 0.0166976 
v -0.0326411 0.0250933 0.0317411 
v -0.0287898 0.0278597 0.0336782 
v -0.0284707 0.027921 0.0337211 
v 0.031856 0.0261262 0.0324644 
v 0.00557265 0.00423622 0.0171368 
v -0.0322766 0.00136895 0.0151292 
v -0.0493605 -0.00797153 0.00858889 
v -0.0322766 0.025631 0.0321177 
v -0.0302231 0.0398317 0.042061 
v -0.0326411 0.00190668 0.0155057 
v -0.0281487 0.0279648 0.0337518 
v -0.0278248 0.0279912 0.0337703 
v -0.031856 0.0261262 0.0324644 
v -0.0313843 0.026573 0.0327772 
v 0.0334648 0.00435129 0.0245421 
v 0.0335 0.005 0.0249963 
v 0.0333597 0.00371018 0.0240932 
v 0.0331859 0.00308419 0.0236548 
v 0.0329455 0.00248067 0.0232322 
v 0.0326411 0.00190668 0.0228303 
v 0.0322766 0.00136895 0.0224538 
v 0.031856 0.000873803 0.0221071 
v 0.0313843 0.000427028 0.0217943 
v 0.0308671 3.3866e-05 0.021519 
v 0.031131 0.000223442 0.0216517 
v 0.0303105 -0.000301072 0.0212844 
v 0.0305933 -0.000141143 0.0213964 
v 0.0297208 -0.00057386 0.0210934 
v 0.0300193 -0.000445453 0.0211834 
v 0.0291052 -0.0007813 0.0209482 
v 0.0294158 -0.000685919 0.021015 
v 0.0284707 -0.000920959 0.0208504 
v 0.0287898 -0.000859723 0.0208933 
v 0.0278248 -0.0009912 0.0208012 
v 0.0281487 -0.000964828 0.0208197 
v 0.0275 -0.001 0.0207951 
v 0.0271752 -0.0009912 0.0208012 
v 0.0265293 -0.000920959 0.0208504 
v 0.0268513 -0.000964828 0.0208197 
v 0.0258948 -0.0007813 0.0209482 
v 0.0262102 -0.000859723 0.0208933 
v 0.0252792 -0.00057386 0.0210934 
v 0.0255842 -0.000685919 0.021015 
v 0.0246895 -0.000301072 0.0212844 
v 0.0249807 -0.000445453 0.0211834 
v 0.0241329 3.3866e-05 0.021519 
v 0.0244067 -0.000141143 0.0213964 
v 0.0236157 0.000427028 0.0217943 
v 0.023869 0.000223442 0.0216517 
v 0.023144 0.000873803 0.0221071 
v 0.0223589 0.00190668 0.0228303 
v 0.0227234 0.00136895 0.0224538 
v 0.0220545 0.00248067 0.0232322 
v 0.0218141 0.00308419 0.0236548 
v 0.0215352 0.00435129 0.0245421 
v 0.0216403 0.00371018 0.0240932 
v 0.0215 0.005 0.0249963 
v 0.0335 0.022 0.0368998 
v 0.0215 0.022 0.0368998 
v 0.0215352 0.0226487 0.0373541 
v 0.0218141 0.0239158 0.0382413 
v 0.0216403 0.0232898 0.037803 
v 0.0220545 0.0245193 0.0386639 
v 0.0223589 0.0250933 0.0390658 
v 0.0227234 0.025631 0.0394423 
v 0.023144 0.0261262 0.039789 
v 0.023869 0.0267766 0.0402444 
v 0.0236157 0.026573 0.0401019 
v 0.0241329 0.0269661 0.0403772 
v 0.0244067 0.0271411 0.0404997 
v 0.0246895 0.0273011 0.0406117 
v 0.0249807 0.0274455 0.0407128 
v 0.0252792 0.0275739 0.0408027 
v 0.0255842 0.0276859 0.0408812 
v 0.0258948 0.0277813 0.0409479 
v 0.0262102 0.0278597 0.0410029 
v 0.0265293 0.027921 0.0410457 
v 0.0268513 0.0279648 0.0410764 
v 0.0271752 0.0279912 0.0410949 
v 0.0278248 0.0279912 0.0410949 
v 0.0275 0.028 0.0411011 
v 0.0284707 0.027921 0.0410457 
v 0.0281487 0.0279648 0.0410764 
v 0.0291052 0.0277813 0.0409479 
v 0.0287898 0.0278597 0.0410029 
v 0.0297208 0.0275739 0.0408027 
v 0.0294158 0.0276859 0.0408812 
v 0.0303105 0.0273011 0.0406117 
v 0.0300193 0.0274455 0.0407128 
v 0.0308671 0.0269661 0.0403772 
v 0.0305933 0.0271411 0.0404997 
v 0.0313843 0.026573 0.0401019 
v 0.031131 0.0267766 0.0402444 
v 0.031856 0.0261262 0.039789 
v 0.0322766 0.025631 0.0394423 
v 0.0326411 0.0250933 0.0390658 
v 0.0329455 0.0245193 0.0386639 
v 0.0331859 0.0239158 0.0382413 
v 0.0333597 0.0232898 0.037803 
v 0.0334648 0.0226487 0.0373541 
v -0.0215352 0.00435129 0.0245421 
v -0.0215 0.005 0.0249963 
v -0.0216403 0.00371018 0.0240932 
v -0.0218141 0.00308419 0.0236548 
v -0.0220545 0.00248067 0.0232322 
v -0.0223589 0.00190668 0.0228303 
v -0.0227234 0.00136895 0.0224538 
v -0.023144 0.000873803 0.0221071 
v -0.0236157 0.000427028 0.0217943 
v -0.0241329 3.3866e-05 0.021519 
v -0.023869 0.000223442 0.0216517 
v -0.0246895 -0.000301072 0.0212844 
v -0.0244067 -0.000141143 0.0213964 
v -0.0252792 -0.00057386 0.0210934 
v -0.0249807 -0.000445453 0.0211834 
v -0.0258948 -0.0007813 0.0209482 
v -0.0255842 -0.000685919 0.021015 
v -0.0265293 -0.000920959 0.0208504 
v -0.0262102 -0.000859723 0.0208933 
v -0.0271752 -0.0009912 0.0208012 
v -0.0268513 -0.000964828 0.0208197 
v -0.0275 -0.001 0.0207951 
v -0.0278248 -0.0009912 0.0208012 
v -0.0284707 -0.000920959 0.0208504 
v -0.0281487 -0.000964828 0.0208197 
v -0.0291052 -0.0007813 0.0209482 
v -0.0287898 -0.000859723 0.0208933 
v -0.0297208 -0.00057386 0.0210934 
v -0.0294158 -0.000685919 0.021015 
v -0.0303105 -0.000301072 0.0212844 
v -0.0300193 -0.000445453 0.0211834 
v -0.0308671 3.3866e-05 0.021519 
v -0.0305933 -0.000141143 0.0213964 
v -0.0313843 0.000427028 0.0217943 
v -0.031131 0.000223442 0.0216517 
v -0.031856 0.000873803 0.0221071 
v -0.0326411 0.00190668 0.0228303 
v -0.0322766 0.00136895 0.0224538 
v -0.0329455 0.00248067 0.0232322 
v -0.0331859 0.00308419 0.0236548 
v -0.0334648 0.00435129 0.0245421 
v -0.0333597 0.00371018 0.0240932 
v -0.0335 0.005 0.0249963 
v -0.0215 0.022 0.0368998 
v -0.0335 0.022 0.0368998 
v -0.0334648 0.0226487 0.0373541 
v -0.0333597 0.0232898 0.037803 
v -0.0331859 0.0239158 0.0382413 
v -0.0329455 0.0245193 0.0386639 
v -0.0326411 0.0250933 0.0390658 
v -0.0322766 0.025631 0.0394423 
v -0.031856 0.0261262 0.039789 
v -0.031131 0.0267766 0.0402444 
v -0.0313843 0.026573 0.0401019 
v -0.0308671 0.0269661 0.0403772 
v -0.0305933 0.0271411 0.0404997 
v -0.0303105 0.0273011 0.0406117 
v -0.0300193 0.0274455 0.0407128 
v -0.0297208 0.0275739 0.0408027 
v -0.0294158 0.0276859 0.0408812 
v -0.0291052 0.0277813 0.0409479 
v -0.0287898 0.0278597 0.0410029 
v -0.0284707 0.027921 0.0410457 
v -0.0281487 0.0279648 0.0410764 
v -0.0278248 0.0279912 0.0410949 
v -0.0271752 0.0279912 0.0410949 
v -0.0275 0.028 0.0411011 
v -0.0265293 0.027921 0.0410457 
v -0.0268513 0.0279648 0.0410764 
v -0.0258948 0.0277813 0.0409479 
v -0.0262102 0.0278597 0.0410029 
v -0.0252792 0.0275739 0.0408027 
v -0.0255842 0.0276859 0.0408812 
v -0.0246895 0.0273011 0.0406117 
v -0.0249807 0.0274455 0.0407128 
v -0.0241329 0.0269661 0.0403772 
v -0.0244067 0.0271411 0.0404997 
v -0.0236157 0.026573 0.0401019 
v -0.023869 0.0267766 0.0402444 
v -0.023144 0.0261262 0.039789 
v -0.0227234 0.025631 0.0394423 
v -0.0223589 0.0250933 0.0390658 
v -0.0220545 0.0245193 0.0386639 
v -0.0218141 0.0239158 0.0382413 
v -0.0216403 0.0232898 0.037803 
v -0.0215352 0.0226487 0.0373541 
v -0.000378972 -0.00698973 0.016601 
v -0.00113247 -0.00690779 0.0166584 
v -0.000756833 -0.00695897 0.0166225 
v -0.0018727 -0.00674485 0.0167725 
v -0.00150479 -0.00683634 0.0167084 
v -0.00259097 -0.00650284 0.0169419 
v -0.00223511 -0.00663357 0.0168504 
v -0.00327886 -0.00618458 0.0171648 
v -0.00293922 -0.00635303 0.0170468 
v -0.00392831 -0.00579382 0.0174384 
v -0.00360888 -0.005998 0.0172954 
v -0.0045317 -0.00533513 0.0177596 
v -0.00423622 -0.00557265 0.0175932 
v -0.00508197 -0.0048139 0.0181245 
v -0.005998 -0.00360888 0.0189683 
v -0.00557265 -0.00423622 0.018529 
v -0.00635303 -0.00293922 0.0194372 
v -0.00663357 -0.00223511 0.0199302 
v -0.00683634 -0.00150479 0.0204416 
v -0.00695897 -0.000756833 0.0209653 
v -0.007 -2.08167e-17 0.0214953 
v -0.00683634 0.00150479 0.0225489 
v -0.00695897 0.000756833 0.0220252 
v -0.00635303 0.00293922 0.0235533 
v -0.00663357 0.00223511 0.0230603 
v -0.005998 0.00360888 0.0240222 
v -0.00508197 0.0048139 0.024866 
v -0.00557265 0.00423622 0.0244615 
v -0.00423622 0.00557265 0.0253973 
v -0.0045317 0.00533513 0.025231 
v -0.00392831 0.00579382 0.0255521 
v -0.00360888 0.005998 0.0256951 
v -0.00327886 0.00618458 0.0258258 
v -0.00293922 0.00635303 0.0259437 
v -0.00259097 0.00650284 0.0260486 
v -0.00223511 0.00663357 0.0261401 
v -0.0018727 0.00674485 0.0262181 
v -0.00150479 0.00683634 0.0262821 
v -0.00113247 0.00690779 0.0263321 
v -0.000756833 0.00695897 0.026368 
v -0.000378972 0.00698973 0.0263895 
v 0.000378972 0.00698973 0.0263895 
v -2.77556e-17 0.007 0.0263967 
v 0.00113247 0.00690779 0.0263321 
v 0.000756833 0.00695897 0.026368 
v 0.0018727 0.00674485 0.0262181 
v 0.00150479 0.00683634 0.0262821 
v 0.00259097 0.00650284 0.0260486 
v 0.00223511 0.00663357 0.0261401 
v 0.00327886 0.00618458 0.0258258 
v 0.00293922 0.00635303 0.0259437 
v 0.00392831 0.00579382 0.0255521 
v 0.00360888 0.005998 0.0256951 
v 0.0045317 0.00533513 0.025231 
v 0.00423622 0.00557265 0.0253973 
v 0.00508197 0.0048139 0.024866 
v 0.00557265 0.00423622 0.0244615 
v 0.005998 0.00360888 0.0240222 
v 0.00635303 0.00293922 0.0235533 
v 0.00663357 0.00223511 0.0230603 
v 0.00683634 0.00150479 0.0225489 
v 0.00695897 0.000756833 0.0220252 
v 0.007 -2.08167e-17 0.0214953 
v 0.00695897 -0.000756833 0.0209653 
v 0.00683634 -0.00150479 0.0204416 
v 0.00663357 -0.00223511 0.0199302 
v 0.00635303 -0.00293922 0.0194372 
v 0.005998 -0.00360888 0.0189683 
v 0.00557265 -0.00423622 0.018529 
v 0.00508197 -0.0048139 0.0181245 
v 0.0045317 -0.00533513 0.0177596 
v 0.00392831 -0.00579382 0.0174384 
v 0.00423622 -0.00557265 0.0175932 
v 0.00327886 -0.00618458 0.0171648 
v 0.00360888 -0.005998 0.0172954 
v 0.00259097 -0.00650284 0.0169419 
v 0.00293922 -0.00635303 0.0170468 
v 0.0018727 -0.00674485 0.0167725 
v 0.00223511 -0.00663357 0.0168504 
v 0.00113247 -0.00690779 0.0166584 
v 0.00150479 -0.00683634 0.0167084 
v 0.000378972 -0.00698973 0.016601 
v 0.000756833 -0.00695897 0.0166225 
v -2.77556e-17 -0.007 0.0165938 
v 0.0380695 0.0324147 0.0441923 
v 0.0343471 0.0363356 0.0469377 
v -0.0380695 0.0324147 0.0441923 
v -0.0343471 0.0363356 0.0469377 
v 0.0464185 0.018583 0.0345072 
v 0.0133585 0.0481825 0.055233 
v 0.010734 0.0488342 0.0556894 
v -0.010734 0.0488342 0.0556894 
v 0.0481535 0.0134625 0.0309218 
v 0.0280255 0.0414074 0.050489 
v -0.0133585 0.0481825 0.055233 
v 0.0493256 0.00818459 0.0272262 
v -0.0280255 0.0414074 0.050489 
v 0.0499209 0.00281101 0.0234636 
v 0.0323324 0.0381394 0.0482008 
v 0.00807808 0.0493431 0.0560457 
v -0.00807808 0.0493431 0.0560457 
v -0.0323324 0.0381394 0.0482008 
v 0.0441407 0.0234862 0.0379405 
v -0.0441407 0.0234862 0.0379405 
v -0.0464185 0.018583 0.0345072 
v 0.0486871 -0.0113828 0.0135249 
v 0.0302231 0.0398317 0.0493857 
v 0.00539855 0.0497077 0.056301 
v -0.00539855 0.0497077 0.056301 
v -0.0302231 0.0398317 0.0493857 
v -0.0481535 0.0134625 0.0309218 
v -0.0493256 0.00818459 0.0272262 
v 0.0413468 0.0281148 0.0411814 
v 0.00270323 0.0499269 0.0564544 
v -0.00270323 0.0499269 0.0564544 
v -0.0499209 0.00281101 0.0234636 
v 0.0499326 -0.00259543 0.0196779 
v 0.0257458 0.042862 0.0515076 
v 0.0233908 0.0441913 0.0524383 
v 1.22573e-17 0.05 0.0565056 
v -0.0486871 -0.0113828 0.0135249 
v -0.0233908 0.0441913 0.0524383 
v 0.0209674 0.0453913 0.0532786 
v -0.0257458 0.042862 0.0515076 
v -0.0499326 -0.00259543 0.0196779 
v 0.0493605 -0.00797153 0.0159135 
v 0.0184827 0.0464585 0.0540258 
v 0.0159439 0.0473898 0.0546779 
v -0.0209674 0.0453913 0.0532786 
v -0.0184827 0.0464585 0.0540258 
v -0.0159439 0.0473898 0.0546779 
v -0.0413468 0.0281148 0.0411814 
v -0.0493605 -0.00797153 0.0159135 
v -0.0473652 -0.0160169 0.011113 
v -0.0476845 -0.0150397 0.0114979 
v -0.0482112 -0.0132544 0.00514359 
v -0.0470188 -0.0170069 0.0107819 
v -0.0478707 -0.0144359 0.00459603 
v -0.0475658 -0.0154109 0.00421201 
v -0.0464983 -0.0183824 0.0104143 
v -0.0472328 -0.0164031 0.00388004 
v -0.0464983 -0.0183824 0.00338376 
v -0.0484739 -0.0122588 0.0129452 
v -0.0482376 -0.0131582 0.0124156 
v -0.0486222 -0.011657 0.00604213 
v -0.0482112 -0.0132544 0.0123626 
v -0.0483887 -0.0125644 0.00553171 
v 0.0464983 -0.0183824 0.0104143 
v 0.0472328 -0.0164031 0.00388004 
v 0.0475649 -0.0154138 0.00421094 
v 0.0464983 -0.0183824 0.00338376 
v 0.0470188 -0.0170069 0.0107819 
v 0.0478707 -0.0144359 0.00459603 
v 0.0473658 -0.0160149 0.0111138 
v 0.0482112 -0.0132544 0.00514359 
v 0.0476845 -0.0150397 0.0114979 
v 0.0482112 -0.0132544 0.0123626 
v 0.0482362 -0.0131596 0.012418 
v 0.0483982 -0.0125543 0.00551374 
v 0.0486229 -0.0116541 0.00604394 
v 0.0484734 -0.012261 0.0129439 
v 0.0421562 -0.0293657 0.0109976 
v -0.0421562 -0.0293657 0.0109976 
v -0.0413888 -0.0313067 0.0117818 
v 0.0429517 -0.0273534 0.0104206 
v -0.0429517 -0.0273534 0.0104206 
v -0.0437668 -0.0252917 0.010057 
v 0.0445923 -0.0232034 0.00991102 
v -0.0445923 -0.0232034 0.00991102 
v -0.0454195 -0.0211112 0.00998408 
v 0.046239 -0.0190382 0.0102754 
v -0.046239 -0.0190382 0.0102754 
v 0.0454195 -0.0211112 0.00998408 
v 0.0437668 -0.0252917 0.010057 
v 0.0413888 -0.0313067 0.0117818 
v -0.0423949 -0.0287619 0.00409576 
v 0.0423949 -0.0287619 0.00409576 
v 0.0416275 -0.0307029 0.00487998 
v 0.0431904 -0.0267495 0.00351873 
v -0.0440055 -0.0246879 0.00315521 
v 0.0440055 -0.0246879 0.00315521 
v 0.0448311 -0.0225996 0.00300918 
v -0.0456582 -0.0205074 0.00308224 
v 0.0456582 -0.0205074 0.00308224 
v 0.0464776 -0.0184347 0.00337633 
v -0.0464776 -0.0184347 0.00337633 
v -0.0448311 -0.0225996 0.00300918 
v -0.0431904 -0.0267495 0.00351873 
v -0.0416275 -0.0307029 0.00487998 
v 0.0232456 -0.0772 0.0265619 
v 0.0232456 -0.0772 0.0331822 
v -0.0232456 -0.0772 0.0265619 
v -0.0232456 -0.0772 0.0331822 
v -0.0221122 -0.079664 0.0277109 
v -0.0207186 -0.0819907 0.0287959 
v -0.0207186 -0.0819907 0.0354161 
v -0.0221122 -0.079664 0.0343312 
v -0.0190811 -0.0841528 0.0298041 
v -0.0190811 -0.0841528 0.0364243 
v -0.017219 -0.0861247 0.0307236 
v -0.0151543 -0.0878833 0.0315437 
v -0.0162105 -0.087032 0.037767 
v -0.017219 -0.0861247 0.0373439 
v -0.0151543 -0.0878833 0.0381639 
v -0.0162105 -0.087032 0.0311467 
v -0.0129112 -0.0894079 0.0322546 
v -0.0140535 -0.0886761 0.0385336 
v -0.0129112 -0.0894079 0.0388749 
v -0.0140535 -0.0886761 0.0319133 
v -0.0105162 -0.0906806 0.032848 
v -0.011731 -0.0900768 0.0391867 
v -0.0105162 -0.0906806 0.0394683 
v -0.011731 -0.0900768 0.0325665 
v -0.00927045 -0.0912176 0.0397187 
v -0.00927045 -0.0912176 0.0330985 
v -0.0079974 -0.0916863 0.033317 
v -0.0079974 -0.0916863 0.0399373 
v -0.0067008 -0.0920852 0.0401233 
v -0.0067008 -0.0920852 0.033503 
v -0.00538447 -0.0924133 0.033656 
v -0.00538447 -0.0924133 0.0402763 
v -0.00405229 -0.0926694 0.0403957 
v -0.00405229 -0.0926694 0.0337754 
v -0.00270817 -0.0928529 0.033861 
v -0.00135608 -0.0929632 0.0405327 
v -0.00135608 -0.0929632 0.0339124 
v 1.81233e-17 -0.093 0.0339296 
v -0.00270817 -0.0928529 0.0404813 
v 0.00270817 -0.0928529 0.0404813 
v 0.00135608 -0.0929632 0.0405327 
v 0.00135608 -0.0929632 0.0339124 
v -9.71445e-17 -0.093 0.0405499 
v 0.00405229 -0.0926694 0.0337754 
v 0.00538447 -0.0924133 0.033656 
v 0.00538447 -0.0924133 0.0402763 
v 0.00405229 -0.0926694 0.0403957 
v 0.00270817 -0.0928529 0.033861 
v 0.0067008 -0.0920852 0.0401233 
v 0.0067008 -0.0920852 0.033503 
v 0.0079974 -0.0916863 0.0399373 
v 0.00927045 -0.0912176 0.0397187 
v 0.0079974 -0.0916863 0.033317 
v 0.00927045 -0.0912176 0.0330985 
v 0.0105162 -0.0906806 0.0394683 
v 0.0105162 -0.0906806 0.032848 
v 0.011731 -0.0900768 0.0325665 
v 0.0129112 -0.0894079 0.0388749 
v 0.011731 -0.0900768 0.0391867 
v 0.0129112 -0.0894079 0.0322546 
v 0.0140535 -0.0886761 0.0319133 
v 0.0151543 -0.0878833 0.0381639 
v 0.0140535 -0.0886761 0.0385336 
v 0.0151543 -0.0878833 0.0315437 
v 0.0162105 -0.087032 0.0311467 
v 0.017219 -0.0861247 0.0373439 
v 0.0162105 -0.087032 0.037767 
v 0.017219 -0.0861247 0.0307236 
v 0.0190811 -0.0841528 0.0298041 
v 0.0190811 -0.0841528 0.0364243 
v 0.0207186 -0.0819907 0.0287959 
v 0.0207186 -0.0819907 0.0354161 
v 0.0221122 -0.079664 0.0277109 
v 0.0221122 -0.079664 0.0343312 
v 0.00356726 -0.0721862 0.024224 
v 0.00378915 -0.0719865 0.0241309 
v 0.00333486 -0.0723736 0.0243114 
v -0.00333486 -0.0723736 0.0243114 
v -0.00378915 -0.0719865 0.0241309 
v 0.00309263 -0.0725481 0.0243927 
v -0.00309263 -0.0725481 0.0243927 
v -0.00356726 -0.0721862 0.024224 
v 0.0132453 -0.0451832 0.0116323 
v 0.0131446 -0.045093 0.0115902 
v 0.00284129 -0.0727093 0.0244679 
v -0.00284129 -0.0727093 0.0244679 
v 0.0130391 -0.0450084 0.0115508 
v 0.00258157 -0.0728565 0.0245365 
v -0.00258157 -0.0728565 0.0245365 
v 0.0129292 -0.0449296 0.011514 
v 0.00231425 -0.0729894 0.0245985 
v -0.00231425 -0.0729894 0.0245985 
v 0.0128152 -0.0448569 0.0114801 
v 0.013996 -0.0473986 0.0126653 
v 0.0140246 -0.0471298 0.01254 
v 0.00204012 -0.0731076 0.0246536 
v -0.00204012 -0.0731076 0.0246536 
v 0.0126975 -0.0447904 0.0114491 
v 0.014024 -0.0468594 0.0124139 
v 0.00511481 -0.0700221 0.0232148 
v 0.0138529 -0.0479191 0.012908 
v 0.00175997 -0.0732108 0.0247017 
v -0.00175997 -0.0732108 0.0247017 
v -0.014024 -0.0468594 0.0124139 
v -0.0140246 -0.0471298 0.01254 
v 0.0125763 -0.0447304 0.0114211 
v 0.0139385 -0.0476627 0.0127885 
v 0.00147463 -0.0732986 0.0247427 
v -0.0138529 -0.0479191 0.012908 
v -0.0139942 -0.0465908 0.0122886 
v 0.0124521 -0.0446771 0.0113963 
v 0.0139942 -0.0465908 0.0122886 
v 0.00486558 -0.0705644 0.0234677 
v 0.00118495 -0.0733708 0.0247764 
v 0.000891785 -0.0734272 0.0248027 
v -0.00118495 -0.0733708 0.0247764 
v -0.00147463 -0.0732986 0.0247427 
v -0.0139385 -0.0476627 0.0127885 
v -0.013996 -0.0473986 0.0126653 
v 0.0123251 -0.0446305 0.0113745 
v -0.000891785 -0.0734272 0.0248027 
v -0.00511481 -0.0700221 0.0232148 
v -0.0139356 -0.0463269 0.0121656 
v -0.0130391 -0.0450084 0.0115508 
v -0.0131446 -0.045093 0.0115902 
v -0.0128152 -0.0448569 0.0114801 
v -0.0129292 -0.0449296 0.011514 
v 0.0121959 -0.0445909 0.0113561 
v 0.0139356 -0.0463269 0.0121656 
v 0.000595987 -0.0734676 0.0248215 
v -0.000595987 -0.0734676 0.0248215 
v -0.0125763 -0.0447304 0.0114211 
v -0.0126975 -0.0447904 0.0114491 
v 0.0120646 -0.0445583 0.0113409 
v 0.0138489 -0.0460709 0.0120462 
v 0.000298433 -0.0734919 0.0248328 
v -0.000298433 -0.0734919 0.0248328 
v -0.0138489 -0.0460709 0.0120462 
v -0.0123251 -0.0446305 0.0113745 
v -0.0124521 -0.0446771 0.0113963 
v 0.0119318 -0.0445328 0.011329 
v 0.013735 -0.0458257 0.0119319 
v 0.00455905 -0.0710765 0.0237065 
v -1.11022e-16 -0.0735 0.0248366 
v -0.013735 -0.0458257 0.0119319 
v -0.0120646 -0.0445583 0.0113409 
v -0.0121959 -0.0445909 0.0113561 
v -0.0117979 -0.0445146 0.0113205 
v -0.0119318 -0.0445328 0.011329 
v 0.0117979 -0.0445146 0.0113205 
v -0.00486558 -0.0705644 0.0234677 
v -0.0135953 -0.0455943 0.0118239 
v -0.0116631 -0.0445037 0.0113154 
v 0.0115279 -0.0445 0.0113137 
v 0.0116631 -0.0445037 0.0113154 
v 0.0135953 -0.0455943 0.0118239 
v 0.00419882 -0.0715524 0.0239284 
v -0.00419882 -0.0715524 0.0239284 
v -0.0115279 -0.0445 0.0113137 
v 0.0134314 -0.0453793 0.0117237 
v -0.00455905 -0.0710765 0.0237065 
v -0.0134314 -0.0453793 0.0117237 
v -0.0132453 -0.0451832 0.0116323 
v -0.0132453 -0.0451832 0.0182525 
v -0.0131446 -0.045093 0.0182105 
v -0.0130391 -0.0450084 0.018171 
v -0.0129292 -0.0449296 0.0181343 
v -0.0128152 -0.0448569 0.0181004 
v -0.00356726 -0.0721862 0.0308443 
v -0.00378915 -0.0719865 0.0307511 
v -0.00333486 -0.0723736 0.0309316 
v 0.00333486 -0.0723736 0.0309316 
v 0.00378915 -0.0719865 0.0307511 
v -0.0126975 -0.0447904 0.0180694 
v -0.00309263 -0.0725481 0.031013 
v 0.00309263 -0.0725481 0.031013 
v 0.00356726 -0.0721862 0.0308443 
v -0.0125763 -0.0447304 0.0180414 
v -0.013996 -0.0473986 0.0192856 
v -0.0140246 -0.0471298 0.0191602 
v -0.00284129 -0.0727093 0.0310881 
v 0.00284129 -0.0727093 0.0310881 
v 0.014024 -0.0468594 0.0190342 
v 0.0140246 -0.0471298 0.0191602 
v -0.0124521 -0.0446771 0.0180165 
v -0.014024 -0.0468594 0.0190342 
v -0.00511481 -0.0700221 0.0298351 
v -0.0138529 -0.0479191 0.0195283 
v -0.00258157 -0.0728565 0.0311568 
v 0.00258157 -0.0728565 0.0311568 
v 0.0138529 -0.0479191 0.0195283 
v 0.0139942 -0.0465908 0.0189089 
v 0.0130391 -0.0450084 0.018171 
v 0.0131446 -0.045093 0.0182105 
v 0.0128152 -0.0448569 0.0181004 
v 0.0129292 -0.0449296 0.0181343 
v -0.0123251 -0.0446305 0.0179948 
v -0.0139385 -0.0476627 0.0194087 
v -0.00231425 -0.0729894 0.0312188 
v 0.00231425 -0.0729894 0.0312188 
v 0.0139385 -0.0476627 0.0194087 
v 0.013996 -0.0473986 0.0192856 
v 0.0125763 -0.0447304 0.0180414 
v 0.0126975 -0.0447904 0.0180694 
v -0.0121959 -0.0445909 0.0179763 
v -0.0139942 -0.0465908 0.0189089 
v -0.00486558 -0.0705644 0.030088 
v -0.00204012 -0.0731076 0.0312739 
v 0.00204012 -0.0731076 0.0312739 
v 0.00511481 -0.0700221 0.0298351 
v 0.0139356 -0.0463269 0.0187858 
v 0.0123251 -0.0446305 0.0179948 
v 0.0124521 -0.0446771 0.0180165 
v -0.0120646 -0.0445583 0.0179611 
v -0.00175997 -0.0732108 0.031322 
v 0.00175997 -0.0732108 0.031322 
v 0.0120646 -0.0445583 0.0179611 
v 0.0121959 -0.0445909 0.0179763 
v 0.0117979 -0.0445146 0.0179408 
v 0.0119318 -0.0445328 0.0179493 
v -0.0115279 -0.0445 0.0179339 
v 0.0115279 -0.0445 0.0179339 
v -0.0116631 -0.0445037 0.0179357 
v -0.0119318 -0.0445328 0.0179493 
v -0.0139356 -0.0463269 0.0187858 
v -0.00147463 -0.0732986 0.031363 
v 0.0138489 -0.0460709 0.0186664 
v 0.0116631 -0.0445037 0.0179357 
v -0.0117979 -0.0445146 0.0179408 
v -0.0138489 -0.0460709 0.0186664 
v -0.00118495 -0.0733708 0.0313966 
v -0.000891785 -0.0734272 0.0314229 
v 0.00118495 -0.0733708 0.0313966 
v 0.00147463 -0.0732986 0.031363 
v 0.013735 -0.0458257 0.0185521 
v -0.013735 -0.0458257 0.0185521 
v -0.00455905 -0.0710765 0.0303268 
v 0.000891785 -0.0734272 0.0314229 
v 0.00486558 -0.0705644 0.030088 
v 0.0135953 -0.0455943 0.0184442 
v -0.000595987 -0.0734676 0.0314418 
v 0.000595987 -0.0734676 0.0314418 
v -0.0134314 -0.0453793 0.018344 
v -0.0135953 -0.0455943 0.0184442 
v -0.00419882 -0.0715524 0.0305487 
v -0.000298433 -0.0734919 0.0314531 
v 0.000298433 -0.0734919 0.0314531 
v 0.00455905 -0.0710765 0.0303268 
v 0.0134314 -0.0453793 0.018344 
v 0.0132453 -0.0451832 0.0182525 
v 3.17874e-18 -0.0735 0.0314569 
v 0.00419882 -0.0715524 0.0305487 
vn 0.0541389 0.998533 0 
vn 0.108119 0.994138 0 
vn 0.161782 0.986827 0 
vn 0.0541389 0.998533 0 
vn 0.108119 0.994138 0 
vn 0.21497 0.976621 0 
vn 0.267528 0.96355 0 
vn 0.319302 0.947653 0 
vn 0.370138 0.928977 0 
vn 0.419889 0.907575 0 
vn 0.468408 0.883512 0 
vn 0.515554 0.856857 0 
vn 0.561187 0.827689 0 
vn 0.605174 0.796093 0 
vn 0.647386 0.762162 0 
vn 0.725995 0.687699 0 
vn 0.796093 0.605174 0 
vn 0.856857 0.515554 0 
vn 0.907575 0.419889 0 
vn 0.947653 0.319302 0 
vn 0.976621 0.21497 0 
vn 0.994138 0.108119 0 
vn 1 0 0 
vn 0.994138 -0.108119 0 
vn 0.976621 -0.21497 0 
vn 0.947653 -0.319302 0 
vn 0.907575 -0.419889 0 
vn 0.856857 -0.515554 0 
vn 0.796093 -0.605174 0 
vn 0.725995 -0.687699 0 
vn 0.647386 -0.762162 0 
vn 0.561187 -0.827689 0 
vn 0.605174 -0.796093 0 
vn 0.468408 -0.883512 0 
vn 0.515554 -0.856857 0 
vn 0.370138 -0.928977 0 
vn 0.419889 -0.907575 0 
vn 0.267528 -0.96355 0 
vn 0.319302 -0.947653 0 
vn 0.161782 -0.986827 0 
vn 0.21497 -0.976621 0 
vn 0.0541389 -0.998533 0 
vn 0.108119 -0.994138 0 
vn -0.0541389 -0.998533 0 
vn -1.60812e-16 -1 0 
vn -0.108119 -0.994138 0 
vn -0.161782 -0.986827 0 
vn -0.21497 -0.976621 0 
vn -0.267528 -0.96355 0 
vn -0.319302 -0.947653 0 
vn -0.370138 -0.928977 0 
vn -0.419889 -0.907575 0 
vn -0.468408 -0.883512 0 
vn -0.515554 -0.856857 0 
vn -0.561187 -0.827689 0 
vn -0.605174 -0.796093 0 
vn -0.647386 -0.762162 0 
vn -0.725995 -0.687699 0 
vn -0.796093 -0.605174 0 
vn -0.856857 -0.515554 0 
vn -0.907575 -0.419889 0 
vn -0.947653 -0.319302 0 
vn -0.976621 -0.21497 0 
vn -0.994138 -0.108119 0 
vn -1 0 0 
vn -0.994138 0.108119 0 
vn -0.976621 0.21497 0 
vn -0.947653 0.319302 0 
vn -0.907575 0.419889 0 
vn -0.856857 0.515554 0 
vn -0.796093 0.605174 0 
vn -0.725995 0.687699 0 
vn -0.647386 0.762162 0 
vn -0.561187 0.827689 0 
vn -0.605174 0.796093 0 
vn -0.468408 0.883512 0 
vn -0.515554 0.856857 0 
vn -0.370138 0.928977 0 
vn -0.419889 0.907575 0 
vn -0.267528 0.96355 0 
vn -0.319302 0.947653 0 
vn -0.161782 0.986827 0 
vn -0.21497 0.976621 0 
vn -0.0541389 0.998533 0 
vn -0.108119 0.994138 0 
vn -1.83697e-16 1 0 
vn 0 0.573576 -0.819152 
vn -0.994138 0.108119 0 
vn -1 -1.22465e-16 0 
vn -0.976621 0.21497 0 
vn -0.947653 0.319302 0 
vn -0.907575 0.419889 0 
vn -0.856857 0.515554 0 
vn -0.796093 0.605174 0 
vn -0.725995 0.687699 0 
vn -0.647386 0.762162 0 
vn -0.561187 0.827689 0 
vn -0.605174 0.796093 0 
vn -0.468408 0.883512 0 
vn -0.515554 0.856857 0 
vn -0.370138 0.928977 0 
vn -0.419889 0.907575 0 
vn -0.267528 0.96355 0 
vn -0.319302 0.947653 0 
vn -0.161782 0.986827 0 
vn -0.21497 0.976621 0 
vn -0.0541389 0.998533 0 
vn -0.108119 0.994138 0 
vn 0 1 0 
vn 0.0541389 0.998533 0 
vn 0.108119 0.994138 0 
vn 0.161782 0.986827 0 
vn 0.21497 0.976621 0 
vn 0.267528 0.96355 0 
vn 0.319302 0.947653 0 
vn 0.370138 0.928977 0 
vn 0.419889 0.907575 0 
vn 0.468408 0.883512 0 
vn 0.515554 0.856857 0 
vn 0.561187 0.827689 0 
vn 0.605174 0.796093 0 
vn 0.647386 0.762162 0 
vn 0.725995 0.687699 0 
vn 0.796093 0.605174 0 
vn 0.856857 0.515554 0 
vn 0.907575 0.419889 0 
vn 0.947653 0.319302 0 
vn 0.976621 0.21497 0 
vn 0.994138 0.108119 0 
vn 1 -1.4456e-16 0 
vn -1 4.0817e-16 0 
vn 0.994138 -0.108119 0 
vn 0.976621 -0.21497 0 
vn 0.947653 -0.319302 0 
vn 0.907575 -0.419889 0 
vn 0.856857 -0.515554 0 
vn 0.796093 -0.605174 0 
vn 0.725995 -0.687699 0 
vn 0.647386 -0.762162 0 
vn 0.561187 -0.827689 0 
vn 0.605174 -0.796093 0 
vn 0.647386 -0.762162 0 
vn 0.561187 -0.827689 0 
vn 0.605174 -0.796093 0 
vn 0.468408 -0.883512 0 
vn 0.515554 -0.856857 0 
vn 0.370138 -0.928977 0 
vn 0.419889 -0.907575 0 
vn 0.267528 -0.96355 0 
vn 0.319302 -0.947653 0 
vn 0.161782 -0.986827 0 
vn 0.21497 -0.976621 0 
vn 0.0541389 -0.998533 0 
vn 0.108119 -0.994138 0 
vn -0.0541389 -0.998533 0 
vn 0 -1 0 
vn -0.108119 -0.994138 0 
vn -0.161782 -0.986827 0 
vn -0.21497 -0.976621 0 
vn -0.267528 -0.96355 0 
vn -0.319302 -0.947653 0 
vn -0.370138 -0.928977 0 
vn -0.419889 -0.907575 0 
vn -0.468408 -0.883512 0 
vn -0.515554 -0.856857 0 
vn -0.561187 -0.827689 0 
vn -0.605174 -0.796093 0 
vn -0.647386 -0.762162 0 
vn -0.725995 -0.687699 0 
vn -0.796093 -0.605174 0 
vn -0.856857 -0.515554 0 
vn -0.907575 -0.419889 0 
vn -0.947653 -0.319302 0 
vn -0.976621 -0.21497 0 
vn -0.994138 -0.108119 0 
vn -1 0 0 
vn 1 4.0817e-16 0 
vn -0.994138 0.108119 0 
vn -1 -1.22465e-16 0 
vn -0.976621 0.21497 0 
vn -0.947653 0.319302 0 
vn -0.907575 0.419889 0 
vn -0.856857 0.515554 0 
vn -0.796093 0.605174 0 
vn -0.725995 0.687699 0 
vn -0.647386 0.762162 0 
vn -0.561187 0.827689 0 
vn -0.605174 0.796093 0 
vn -0.468408 0.883512 0 
vn -0.515554 0.856857 0 
vn -0.370138 0.928977 0 
vn -0.419889 0.907575 0 
vn -0.267528 0.96355 0 
vn -0.319302 0.947653 0 
vn -0.161782 0.986827 0 
vn -0.21497 0.976621 0 
vn -0.0541389 0.998533 0 
vn -0.108119 0.994138 0 
vn 0 1 0 
vn 0.0541389 0.998533 0 
vn 0.108119 0.994138 0 
vn 0.161782 0.986827 0 
vn 0.21497 0.976621 0 
vn 0.267528 0.96355 0 
vn 0.319302 0.947653 0 
vn 0.370138 0.928977 0 
vn 0.419889 0.907575 0 
vn 0.468408 0.883512 0 
vn 0.515554 0.856857 0 
vn 0.561187 0.827689 0 
vn 0.605174 0.796093 0 
vn 0.647386 0.762162 0 
vn 0.725995 0.687699 0 
vn 0.796093 0.605174 0 
vn 0.856857 0.515554 0 
vn 0.907575 0.419889 0 
vn 0.947653 0.319302 0 
vn 0.976621 0.21497 0 
vn 0.994138 0.108119 0 
vn 1 0 0 
vn -1 4.0817e-16 0 
vn 0.994138 -0.108119 0 
vn 0.976621 -0.21497 0 
vn 0.947653 -0.319302 0 
vn 0.907575 -0.419889 0 
vn 0.856857 -0.515554 0 
vn 0.796093 -0.605174 0 
vn 0.725995 -0.687699 0 
vn 0.647386 -0.762162 0 
vn 0.561187 -0.827689 0 
vn 0.605174 -0.796093 0 
vn 0.647386 -0.762162 0 
vn 0.561187 -0.827689 0 
vn 0.605174 -0.796093 0 
vn 0.468408 -0.883512 0 
vn 0.515554 -0.856857 0 
vn 0.370138 -0.928977 0 
vn 0.419889 -0.907575 0 
vn 0.267528 -0.96355 0 
vn 0.319302 -0.947653 0 
vn 0.161782 -0.986827 0 
vn 0.21497 -0.976621 0 
vn 0.0541389 -0.998533 0 
vn 0.108119 -0.994138 0 
vn -0.0541389 -0.998533 0 
vn 0 -1 0 
vn -0.108119 -0.994138 0 
vn -0.161782 -0.986827 0 
vn -0.21497 -0.976621 0 
vn -0.267528 -0.96355 0 
vn -0.319302 -0.947653 0 
vn -0.370138 -0.928977 0 
vn -0.419889 -0.907575 0 
vn -0.468408 -0.883512 0 
vn -0.515554 -0.856857 0 
vn -0.561187 -0.827689 0 
vn -0.605174 -0.796093 0 
vn -0.647386 -0.762162 0 
vn -0.725995 -0.687699 0 
vn -0.796093 -0.605174 0 
vn -0.856857 -0.515554 0 
vn -0.907575 -0.419889 0 
vn -0.947653 -0.319302 0 
vn -0.976621 -0.21497 0 
vn -0.994138 -0.108119 0 
vn -1 -1.22465e-16 0 
vn 1 4.0817e-16 0 
vn 0.0541389 0.998533 0 
vn 0.108119 0.994138 0 
vn 0.161782 0.986827 0 
vn 0.0541389 0.998533 0 
vn 0.108119 0.994138 0 
vn 0.21497 0.976621 0 
vn 0.267528 0.96355 0 
vn 0.319302 0.947653 0 
vn 0.370138 0.928977 0 
vn 0.419889 0.907575 0 
vn 0.468408 0.883512 0 
vn 0.515554 0.856857 0 
vn 0.561187 0.827689 0 
vn 0.605174 0.796093 0 
vn 0.647386 0.762162 0 
vn 0.725995 0.687699 0 
vn 0.796093 0.605174 0 
vn 0.856857 0.515554 0 
vn 0.907575 0.419889 0 
vn 0.947653 0.319302 0 
vn 0.976621 0.21497 0 
vn 0.994138 0.108119 0 
vn 1 -1.83697e-16 0 
vn 0.994138 -0.108119 0 
vn 0.976621 -0.21497 0 
vn 0.947653 -0.319302 0 
vn 0.907575 -0.419889 0 
vn 0.856857 -0.515554 0 
vn 0.796093 -0.605174 0 
vn 0.725995 -0.687699 0 
vn 0.647386 -0.762162 0 
vn 0.561187 -0.827689 0 
vn 0.605174 -0.796093 0 
vn 0.647386 -0.762162 0 
vn 0.561187 -0.827689 0 
vn 0.605174 -0.796093 0 
vn 0.468408 -0.883512 0 
vn 0.515554 -0.856857 0 
vn 0.370138 -0.928977 0 
vn 0.419889 -0.907575 0 
vn 0.267528 -0.96355 0 
vn 0.319302 -0.947653 0 
vn 0.161782 -0.986827 0 
vn 0.21497 -0.976621 0 
vn 0.0541389 -0.998533 0 
vn 0.108119 -0.994138 0 
vn -0.0541389 -0.998533 0 
vn -1.60812e-16 -1 0 
vn -0.108119 -0.994138 0 
vn -0.161782 -0.986827 0 
vn -0.21497 -0.976621 0 
vn -0.267528 -0.96355 0 
vn -0.319302 -0.947653 0 
vn -0.370138 -0.928977 0 
vn -0.419889 -0.907575 0 
vn -0.468408 -0.883512 0 
vn -0.515554 -0.856857 0 
vn -0.561187 -0.827689 0 
vn -0.605174 -0.796093 0 
vn -0.647386 -0.762162 0 
vn -0.725995 -0.687699 0 
vn -0.796093 -0.605174 0 
vn -0.856857 -0.515554 0 
vn -0.907575 -0.419889 0 
vn -0.947653 -0.319302 0 
vn -0.976621 -0.21497 0 
vn -0.994138 -0.108119 0 
vn -1 -1.22465e-16 0 
vn -0.994138 0.108119 0 
vn -0.976621 0.21497 0 
vn -0.947653 0.319302 0 
vn -0.907575 0.419889 0 
vn -0.856857 0.515554 0 
vn -0.796093 0.605174 0 
vn -0.725995 0.687699 0 
vn -0.647386 0.762162 0 
vn -0.561187 0.827689 0 
vn -0.605174 0.796093 0 
vn -0.647386 0.762162 0 
vn -0.561187 0.827689 0 
vn -0.468408 0.883512 0 
vn -0.515554 0.856857 0 
vn -0.370138 0.928977 0 
vn -0.419889 0.907575 0 
vn -0.267528 0.96355 0 
vn -0.319302 0.947653 0 
vn -0.161782 0.986827 0 
vn -0.21497 0.976621 0 
vn -0.0541389 0.998533 0 
vn -0.108119 0.994138 0 
vn -1.83697e-16 1 0 
vn 0 -0.573576 0.819152 
vn -0.947303 -0.320338 0 
vn -0.953689 -0.300794 0 
vn -0.964224 -0.265089 0 
vn -0.940375 -0.340138 0 
vn -0.957414 -0.288718 0 
vn -0.951316 -0.308217 0 
vn -0.929965 -0.367647 0 
vn -0.944656 -0.328062 0 
vn -0.987209 -0.159431 0 
vn -0.969479 -0.245175 0 
vn -0.973742 -0.227656 0 
vn -0.976486 -0.21558 0 
vn -0.964751 -0.263163 0 
vn -0.972443 -0.23314 0 
vn -0.964224 -0.265089 0 
vn -0.967904 -0.251322 0 
vn -0.987209 -0.159431 0 
vn -0.998652 -0.0519086 0 
vn -0.998418 0.0562203 0 
vn -0.986512 0.163692 0 
vn -0.96307 0.26925 0 
vn -0.928369 0.371659 0 
vn -0.882814 0.469723 0 
vn -0.826936 0.562296 0 
vn -0.76139 0.648294 0 
vn -0.686942 0.726712 0 
vn -0.604463 0.796633 0 
vn -0.646648 0.762788 0 
vn -0.560509 0.828148 0 
vn -0.514916 0.857241 0 
vn -0.467816 0.883826 0 
vn -0.419348 0.907825 0 
vn -0.369654 0.929169 0 
vn -0.318878 0.947796 0 
vn -0.26717 0.96365 0 
vn -0.21468 0.976685 0 
vn -0.161562 0.986863 0 
vn -0.107971 0.994154 0 
vn -0.0540646 0.998537 0 
vn 1.60812e-16 1 0 
vn 0.0540646 0.998537 0 
vn 0.107971 0.994154 0 
vn 0.161562 0.986863 0 
vn 0.21468 0.976685 0 
vn 0.26717 0.96365 0 
vn 0.318878 0.947796 0 
vn 0.369654 0.929169 0 
vn 0.419348 0.907825 0 
vn 0.467816 0.883826 0 
vn 0.514916 0.857241 0 
vn 0.560509 0.828148 0 
vn 0.604463 0.796633 0 
vn 0.646648 0.762788 0 
vn 0.686942 0.726712 0 
vn 0.76139 0.648294 0 
vn 0.826936 0.562296 0 
vn 0.882814 0.469723 0 
vn 0.928369 0.371659 0 
vn 0.96307 0.26925 0 
vn 0.986512 0.163692 0 
vn 0.998418 0.0562203 0 
vn 0.998652 -0.0519086 0 
vn 0.987209 -0.159431 0 
vn 0.929965 -0.367647 0 
vn 0.944656 -0.328062 0 
vn 0.951297 -0.308276 0 
vn 0.929965 -0.367647 0 
vn 0.940375 -0.340138 0 
vn 0.957414 -0.288718 0 
vn 0.947317 -0.320298 0 
vn 0.964224 -0.265089 0 
vn 0.953689 -0.300794 0 
vn 0.976486 -0.21558 0 
vn 0.964742 -0.263197 0 
vn 0.967965 -0.251086 0 
vn 0.972457 -0.233082 0 
vn 0.987209 -0.159431 0 
vn 0.969468 -0.245219 0 
vn 0.973742 -0.227656 0 
vn 0 -0.529778 0.848136 
vn 0 -0.48481 0.87462 
vn 0 -0.484807 0.874621 
vn 0 -0.529669 0.848205 
vn 0 -0.573576 0.819152 
vn 0 -0.479996 0.877271 
vn 0 -0.390731 0.920505 
vn 0 -0.341973 0.93971 
vn 0 -0.341871 0.939747 
vn 0 -0.292372 0.956305 
vn 0 0.325568 0.945519 
vn 0 0.422618 0.906308 
vn 0 0.224951 0.97437 
vn 0 0.121869 0.992546 
vn 0 0.0174524 0.999848 
vn 0 -0.0871557 0.996195 
vn 0 -0.190809 0.981627 
vn 0 -0.223599 0.974681 
vn 0 -0.223599 0.974681 
vn 0 -0.0871557 0.996195 
vn 0 0.121869 0.992546 
vn 0 0.422618 0.906308 
vn 0 -0.325568 -0.945519 
vn 0 -0.422618 -0.906308 
vn 0 -0.224951 -0.97437 
vn 0 -0.121869 -0.992546 
vn 0 -0.0174524 -0.999848 
vn 0 0.0871557 -0.996195 
vn 0 0.190816 -0.981626 
vn 0 0.529821 -0.848109 
vn 0 0.48481 -0.87462 
vn 0 0.484804 -0.874623 
vn 0 0.529676 -0.8482 
vn 0 0.573576 -0.819152 
vn 0 0.449804 -0.893127 
vn 0 0.390731 -0.920505 
vn 0 0.341983 -0.939706 
vn 0 0.341836 -0.93976 
vn 0 0.292372 -0.956305 
vn 0 0.193408 -0.981118 
vn 0 0.190816 -0.981626 
vn 0 0.193408 -0.981118 
vn 0 -0.0174524 -0.999848 
vn 0 -0.224951 -0.97437 
vn 0 -0.422618 -0.906308 
vn 0.929965 -0.367647 0 
vn -0.929965 -0.367647 0 
vn -0.929826 -0.368 0 
vn -0.88449 -0.46656 0 
vn -0.828744 -0.559628 0 
vn -0.763244 -0.64611 0 
vn -0.688762 -0.724988 0 
vn -0.606173 -0.795333 0 
vn -0.648422 -0.761281 0 
vn -0.688762 -0.724988 0 
vn -0.606173 -0.795333 0 
vn -0.648422 -0.761281 0 
vn -0.51645 -0.856318 0 
vn -0.562139 -0.827043 0 
vn -0.420648 -0.907224 0 
vn -0.46924 -0.883071 0 
vn -0.370818 -0.928706 0 
vn -0.319896 -0.947453 0 
vn -0.268032 -0.96341 0 
vn -0.215379 -0.976531 0 
vn -0.162092 -0.986776 0 
vn -0.108327 -0.994115 0 
vn -0.0542433 -0.998528 0 
vn 1.07188e-15 -1 0 
vn -0.108327 -0.994115 0 
vn 0.108327 -0.994115 0 
vn 0.0542433 -0.998528 0 
vn 1.07188e-15 -1 0 
vn 0.162092 -0.986776 0 
vn 0.215379 -0.976531 0 
vn 0.108327 -0.994115 0 
vn 0.268032 -0.96341 0 
vn 0.319896 -0.947453 0 
vn 0.370818 -0.928706 0 
vn 0.420648 -0.907224 0 
vn 0.46924 -0.883071 0 
vn 0.51645 -0.856318 0 
vn 0.562139 -0.827043 0 
vn 0.606173 -0.795333 0 
vn 0.648422 -0.761281 0 
vn 0.688762 -0.724988 0 
vn 0.763244 -0.64611 0 
vn 0.828744 -0.559628 0 
vn 0.88449 -0.46656 0 
vn 0.929826 -0.368 0 
vn 0 -0.422618 -0.906308 
vn 0 0.422618 0.906308 
vn 0.929965 0.367647 0 
vn 0.964224 0.265089 0 
vn 0.987209 0.159431 0 
vn 0.998652 0.0519086 0 
vn 0.998418 -0.0562203 0 
vn 0.986512 -0.163692 0 
vn 0.96307 -0.26925 0 
vn 0.928369 -0.371659 0 
vn 0.882814 -0.469723 0 
vn 0.826936 -0.562296 0 
vn 0.76139 -0.648294 0 
vn 0.686942 -0.726712 0 
vn 0.604463 -0.796633 0 
vn 0.646648 -0.762788 0 
vn 0.514916 -0.857241 0 
vn 0.560509 -0.828148 0 
vn 0.419348 -0.907825 0 
vn 0.467816 -0.883826 0 
vn 0.318878 -0.947796 0 
vn 0.369654 -0.929169 0 
vn 0.21468 -0.976685 0 
vn 0.26717 -0.96365 0 
vn 0.107971 -0.994154 0 
vn 0.161562 -0.986863 0 
vn 0 -1 0 
vn 0.0540646 -0.998537 0 
vn -0.0540646 -0.998537 0 
vn -0.107971 -0.994154 0 
vn 0 -1 0 
vn -0.0540646 -0.998537 0 
vn -0.161562 -0.986863 0 
vn -0.21468 -0.976685 0 
vn -0.26717 -0.96365 0 
vn -0.318878 -0.947796 0 
vn -0.369654 -0.929169 0 
vn -0.419348 -0.907825 0 
vn -0.467816 -0.883826 0 
vn -0.514916 -0.857241 0 
vn -0.560509 -0.828148 0 
vn -0.604463 -0.796633 0 
vn -0.646648 -0.762788 0 
vn -0.686942 -0.726712 0 
vn -0.76139 -0.648294 0 
vn -0.826936 -0.562296 0 
vn -0.882814 -0.469723 0 
vn -0.928369 -0.371659 0 
vn -0.96307 -0.26925 0 
vn -0.986512 -0.163692 0 
vn -0.998418 -0.0562203 0 
vn -0.998652 0.0519086 0 
vn -0.987209 0.159431 0 
vn -0.964224 0.265089 0 
vn -0.929965 0.367647 0 
vn -0.884651 0.466254 0 
vn -0.828918 0.559371 0 
vn -0.763422 0.645899 0 
vn -0.688937 0.724822 0 
vn -0.606337 0.795208 0 
vn -0.648593 0.761136 0 
vn -0.516597 0.856228 0 
vn -0.562296 0.826936 0 
vn -0.420773 0.907166 0 
vn -0.469377 0.882998 0 
vn -0.319994 0.94742 0 
vn -0.37093 0.928661 0 
vn -0.215446 0.976516 0 
vn -0.268115 0.963387 0 
vn -0.108361 0.994112 0 
vn -0.162143 0.986767 0 
vn -0.0542606 0.998527 0 
vn -1.83697e-16 1 0 
vn 0.0542606 0.998527 0 
vn 0.108361 0.994112 0 
vn 0.162143 0.986767 0 
vn 0.215446 0.976516 0 
vn 0.268115 0.963387 0 
vn 0.319994 0.94742 0 
vn 0.37093 0.928661 0 
vn 0.420773 0.907166 0 
vn 0.469377 0.882998 0 
vn 0.516597 0.856228 0 
vn 0.562296 0.826936 0 
vn 0.606337 0.795208 0 
vn 0.648593 0.761136 0 
vn 0.688937 0.724822 0 
vn 0.763422 0.645899 0 
vn 0.828918 0.559371 0 
vn 0.884651 0.466254 0 
vn 0.929965 0.367647 0 
vn -0.929965 0.367647 0 
usemtl 0.800000_0.800000_0.800000_0.000000_0.000000
o mesh0
f 1//1 2//2 3//3 
f 1//1 4//4 2//2 
f 3//3 5//3 6//5 
f 5//3 7//6 8//7 
f 5//3 3//3 7//6 
f 8//7 9//7 10//6 
f 9//7 11//8 12//9 
f 9//7 8//7 11//8 
f 12//9 13//9 14//8 
f 13//9 15//10 16//11 
f 13//9 12//9 15//10 
f 16//11 17//11 18//10 
f 17//11 19//12 20//13 
f 17//11 16//11 19//12 
f 20//13 21//13 22//12 
f 21//13 23//14 24//15 
f 21//13 20//13 23//14 
f 24//15 25//15 26//14 
f 25//15 24//15 27//16 
f 28//16 27//16 29//17 
f 30//17 29//17 31//18 
f 32//19 33//19 34//18 
f 33//19 32//19 35//20 
f 36//20 35//20 37//21 
f 38//21 37//21 39//22 
f 40//22 39//22 41//23 
f 42//23 41//23 43//24 
f 44//24 43//24 45//25 
f 46//25 45//25 47//26 
f 48//26 47//26 49//27 
f 50//27 49//27 51//28 
f 52//28 51//28 53//29 
f 54//29 53//29 55//30 
f 56//31 57//31 58//30 
f 59//32 60//33 57//31 
f 59//32 61//32 60//33 
f 57//31 56//31 62//33 
f 63//34 64//35 61//32 
f 63//34 65//34 64//35 
f 61//32 59//32 66//35 
f 67//36 68//37 65//34 
f 67//36 69//36 68//37 
f 65//34 63//34 70//37 
f 71//38 72//39 69//36 
f 71//38 73//38 72//39 
f 69//36 67//36 74//39 
f 75//40 76//41 73//38 
f 75//40 77//40 76//41 
f 73//38 71//38 78//41 
f 79//42 80//43 77//40 
f 79//42 81//42 80//43 
f 77//40 75//40 82//43 
f 83//44 84//45 85//45 
f 85//45 84//45 81//42 
f 81//42 79//42 85//45 
f 86//44 87//46 88//47 
f 88//47 89//46 86//44 
f 89//46 83//44 86//44 
f 90//47 91//48 92//49 
f 92//49 93//48 90//47 
f 93//48 88//47 90//47 
f 94//49 95//50 96//51 
f 96//51 97//50 94//49 
f 97//50 92//49 94//49 
f 98//51 99//52 100//53 
f 100//53 101//52 98//51 
f 101//52 96//51 98//51 
f 102//53 103//54 104//55 
f 104//55 105//54 102//53 
f 105//54 100//53 102//53 
f 106//55 107//56 108//57 
f 108//57 109//56 106//55 
f 109//56 104//55 106//55 
f 110//57 111//58 112//58 
f 113//59 112//58 111//58 
f 114//59 115//60 116//60 
f 115//60 117//61 118//61 
f 117//61 119//62 120//62 
f 119//62 121//63 122//63 
f 121//63 123//64 124//64 
f 123//64 125//65 126//65 
f 125//65 127//66 128//66 
f 129//67 128//66 127//66 
f 130//67 131//68 132//68 
f 131//68 133//69 134//69 
f 135//70 134//69 133//69 
f 136//71 135//70 137//70 
f 138//71 139//72 140//72 
f 139//72 141//73 142//73 
f 143//74 144//75 141//73 
f 141//73 145//75 143//74 
f 145//75 146//74 143//74 
f 147//76 148//77 146//74 
f 146//74 149//77 147//76 
f 149//77 150//76 147//76 
f 151//78 152//79 150//76 
f 150//76 153//79 151//78 
f 153//79 154//78 151//78 
f 155//80 156//81 154//78 
f 154//78 157//81 155//80 
f 157//81 158//80 155//80 
f 159//82 160//83 158//80 
f 158//80 161//83 159//82 
f 161//83 162//82 159//82 
f 163//84 164//85 162//82 
f 162//82 165//85 163//84 
f 165//85 166//84 163//84 
f 166//84 167//86 168//86 
f 168//86 167//86 4//4 
f 4//4 1//1 168//86 
f 168//86 163//84 166//84 
f 164//85 159//82 162//82 
f 160//83 155//80 158//80 
f 156//81 151//78 154//78 
f 152//79 147//76 150//76 
f 148//77 143//74 146//74 
f 144//75 142//73 141//73 
f 142//73 140//72 139//72 
f 140//72 136//71 138//71 
f 137//70 138//71 136//71 
f 133//69 137//70 135//70 
f 134//69 132//68 131//68 
f 132//68 129//67 130//67 
f 127//66 130//67 129//67 
f 128//66 126//65 125//65 
f 126//65 124//64 123//64 
f 124//64 122//63 121//63 
f 122//63 120//62 119//62 
f 120//62 118//61 117//61 
f 118//61 116//60 115//60 
f 116//60 113//59 114//59 
f 111//58 114//59 113//59 
f 112//58 108//57 110//57 
f 107//56 110//57 108//57 
f 103//54 106//55 104//55 
f 99//52 102//53 100//53 
f 95//50 98//51 96//51 
f 91//48 94//49 92//49 
f 87//46 90//47 88//47 
f 85//45 86//44 83//44 
f 77//40 82//43 79//42 
f 73//38 78//41 75//40 
f 69//36 74//39 71//38 
f 65//34 70//37 67//36 
f 61//32 66//35 63//34 
f 57//31 62//33 59//32 
f 58//30 55//30 56//31 
f 55//30 58//30 54//29 
f 53//29 54//29 52//28 
f 51//28 52//28 50//27 
f 49//27 50//27 48//26 
f 47//26 48//26 46//25 
f 45//25 46//25 44//24 
f 43//24 44//24 42//23 
f 41//23 42//23 40//22 
f 39//22 40//22 38//21 
f 37//21 38//21 36//20 
f 35//20 36//20 33//19 
f 34//18 31//18 32//19 
f 31//18 34//18 30//17 
f 29//17 30//17 28//16 
f 27//16 28//16 25//15 
f 24//15 26//14 21//13 
f 20//13 22//12 17//11 
f 16//11 18//10 13//9 
f 12//9 14//8 9//7 
f 8//7 10//6 5//3 
f 3//3 6//5 1//1 
o mesh1
f 169//87 170//87 171//87 
f 145//87 141//87 172//87 
f 171//87 173//87 169//87 
f 174//87 146//87 145//87 
f 175//87 24//87 23//87 
f 173//87 176//87 169//87 
f 174//87 149//87 146//87 
f 23//87 20//87 175//87 
f 173//87 177//87 176//87 
f 178//87 179//87 180//87 
f 174//87 150//87 149//87 
f 20//87 19//87 175//87 
f 181//87 182//87 183//87 
f 173//87 184//87 177//87 
f 185//87 186//87 187//87 
f 178//87 188//87 179//87 
f 174//87 153//87 150//87 
f 19//87 16//87 175//87 
f 189//87 190//87 191//87 
f 192//87 193//87 194//87 
f 195//87 194//87 193//87 
f 196//87 195//87 197//87 
f 198//87 199//87 200//87 
f 183//87 201//87 181//87 
f 173//87 202//87 184//87 
f 187//87 203//87 185//87 
f 178//87 204//87 188//87 
f 119//87 205//87 206//87 
f 174//87 154//87 153//87 
f 16//87 15//87 175//87 
f 191//87 207//87 189//87 
f 194//87 208//87 192//87 
f 193//87 209//87 195//87 
f 197//87 210//87 196//87 
f 198//87 211//87 199//87 
f 201//87 212//87 181//87 
f 173//87 213//87 202//87 
f 203//87 214//87 185//87 
f 178//87 215//87 204//87 
f 119//87 216//87 205//87 
f 174//87 157//87 154//87 
f 217//87 158//87 157//87 
f 15//87 12//87 175//87 
f 191//87 218//87 207//87 
f 178//87 219//87 220//87 
f 209//87 197//87 195//87 
f 210//87 221//87 196//87 
f 198//87 222//87 211//87 
f 182//87 181//87 223//87 
f 223//87 224//87 225//87 
f 226//87 227//87 181//87 
f 212//87 228//87 181//87 
f 173//87 229//87 213//87 
f 214//87 230//87 185//87 
f 178//87 231//87 215//87 
f 119//87 232//87 216//87 
f 157//87 174//87 217//87 
f 12//87 11//87 175//87 
f 218//87 233//87 207//87 
f 220//87 234//87 178//87 
f 221//87 235//87 196//87 
f 198//87 236//87 222//87 
f 225//87 237//87 223//87 
f 228//87 238//87 181//87 
f 173//87 239//87 229//87 
f 185//87 240//87 241//87 
f 230//87 242//87 185//87 
f 178//87 243//87 231//87 
f 243//87 178//87 37//87 
f 107//87 106//87 244//87 
f 119//87 245//87 232//87 
f 217//87 161//87 158//87 
f 11//87 8//87 175//87 
f 233//87 246//87 207//87 
f 234//87 247//87 178//87 
f 248//87 249//87 192//87 
f 250//87 196//87 235//87 
f 198//87 251//87 236//87 
f 198//87 252//87 253//87 
f 181//87 238//87 226//87 
f 170//87 254//87 171//87 
f 241//87 255//87 185//87 
f 242//87 256//87 185//87 
f 37//87 257//87 243//87 
f 258//87 110//87 107//87 
f 119//87 259//87 245//87 
f 260//87 261//87 259//87 
f 217//87 162//87 161//87 
f 162//87 217//87 175//87 
f 8//87 7//87 175//87 
f 262//87 263//87 264//87 
f 246//87 265//87 207//87 
f 247//87 266//87 178//87 
f 235//87 267//87 250//87 
f 198//87 268//87 251//87 
f 198//87 227//87 269//87 
f 198//87 270//87 252//87 
f 223//87 237//87 182//87 
f 255//87 271//87 239//87 
f 255//87 272//87 185//87 
f 256//87 273//87 185//87 
f 37//87 274//87 257//87 
f 62//87 275//87 276//87 
f 244//87 258//87 107//87 
f 259//87 119//87 260//87 
f 175//87 165//87 162//87 
f 7//87 3//87 175//87 
f 27//87 277//87 278//87 
f 263//87 279//87 264//87 
f 280//87 281//87 282//87 
f 189//87 283//87 190//87 
f 266//87 284//87 178//87 
f 208//87 248//87 192//87 
f 285//87 286//87 287//87 
f 198//87 288//87 268//87 
f 253//87 227//87 198//87 
f 226//87 289//87 227//87 
f 255//87 241//87 271//87 
f 272//87 290//87 185//87 
f 273//87 291//87 185//87 
f 37//87 292//87 274//87 
f 276//87 59//87 62//87 
f 102//87 99//87 293//87 
f 106//87 103//87 244//87 
f 260//87 294//87 261//87 
f 175//87 166//87 165//87 
f 3//87 2//87 175//87 
f 278//87 295//87 27//87 
f 263//87 296//87 279//87 
f 297//87 280//87 298//87 
f 282//87 299//87 280//87 
f 246//87 300//87 265//87 
f 246//87 301//87 302//87 
f 284//87 303//87 178//87 
f 248//87 304//87 249//87 
f 248//87 287//87 286//87 
f 287//87 305//87 285//87 
f 198//87 306//87 288//87 
f 289//87 269//87 227//87 
f 290//87 307//87 185//87 
f 291//87 308//87 185//87 
f 37//87 309//87 292//87 
f 276//87 66//87 59//87 
f 103//87 102//87 244//87 
f 260//87 310//87 294//87 
f 175//87 167//87 166//87 
f 2//87 4//87 175//87 
f 295//87 311//87 27//87 
f 263//87 312//87 296//87 
f 299//87 298//87 280//87 
f 190//87 313//87 314//87 
f 302//87 300//87 246//87 
f 303//87 315//87 178//87 
f 286//87 304//87 248//87 
f 305//87 316//87 285//87 
f 198//87 317//87 306//87 
f 269//87 318//87 198//87 
f 198//87 185//87 319//87 
f 185//87 320//87 240//87 
f 308//87 321//87 185//87 
f 37//87 322//87 309//87 
f 276//87 63//87 66//87 
f 63//87 276//87 323//87 
f 98//87 95//87 324//87 
f 293//87 244//87 102//87 
f 260//87 325//87 310//87 
f 4//87 167//87 175//87 
f 326//87 327//87 328//87 
f 217//87 329//87 330//87 
f 311//87 331//87 27//87 
f 332//87 333//87 262//87 
f 298//87 334//87 297//87 
f 283//87 313//87 190//87 
f 335//87 336//87 337//87 
f 315//87 338//87 178//87 
f 267//87 339//87 250//87 
f 285//87 340//87 341//87 
f 316//87 342//87 285//87 
f 198//87 343//87 317//87 
f 319//87 270//87 198//87 
f 173//87 255//87 239//87 
f 321//87 344//87 185//87 
f 37//87 345//87 322//87 
f 323//87 70//87 63//87 
f 99//87 98//87 293//87 
f 260//87 346//87 325//87 
f 347//87 348//87 349//87 
f 172//87 174//87 145//87 
f 326//87 349//87 327//87 
f 217//87 174//87 329//87 
f 331//87 350//87 27//87 
f 264//87 332//87 262//87 
f 334//87 351//87 297//87 
f 314//87 352//87 190//87 
f 337//87 353//87 335//87 
f 338//87 354//87 178//87 
f 355//87 356//87 250//87 
f 342//87 340//87 285//87 
f 198//87 357//87 343//87 
f 307//87 319//87 185//87 
f 344//87 358//87 185//87 
f 178//87 39//87 37//87 
f 323//87 67//87 70//87 
f 67//87 323//87 359//87 
f 324//87 293//87 98//87 
f 260//87 360//87 346//87 
f 347//87 361//87 348//87 
f 175//87 27//87 24//87 
f 330//87 328//87 217//87 
f 350//87 362//87 27//87 
f 263//87 363//87 312//87 
f 364//87 365//87 366//87 
f 367//87 368//87 297//87 
f 351//87 369//87 297//87 
f 301//87 370//87 302//87 
f 353//87 371//87 335//87 
f 354//87 372//87 178//87 
f 355//87 335//87 356//87 
f 341//87 178//87 285//87 
f 198//87 373//87 357//87 
f 358//87 320//87 185//87 
f 180//87 374//87 178//87 
f 178//87 43//87 41//87 
f 359//87 74//87 67//87 
f 375//87 324//87 91//87 
f 95//87 94//87 324//87 
f 119//87 117//87 376//87 
f 377//87 378//87 121//87 
f 260//87 379//87 360//87 
f 380//87 381//87 382//87 
f 347//87 382//87 361//87 
f 328//87 330//87 326//87 
f 362//87 383//87 27//87 
f 332//87 384//87 333//87 
f 332//87 385//87 386//87 
f 364//87 387//87 365//87 
f 388//87 389//87 387//87 
f 369//87 390//87 297//87 
f 314//87 391//87 352//87 
f 371//87 392//87 335//87 
f 372//87 393//87 178//87 
f 341//87 394//87 178//87 
f 318//87 373//87 198//87 
f 41//87 39//87 178//87 
f 359//87 71//87 74//87 
f 138//87 395//87 396//87 
f 94//87 91//87 324//87 
f 376//87 397//87 119//87 
f 206//87 377//87 119//87 
f 380//87 398//87 381//87 
f 141//87 139//87 172//87 
f 383//87 399//87 27//87 
f 312//87 400//87 401//87 
f 386//87 384//87 332//87 
f 387//87 364//87 388//87 
f 402//87 403//87 368//87 
f 297//87 390//87 367//87 
f 301//87 404//87 370//87 
f 405//87 404//87 301//87 
f 392//87 406//87 335//87 
f 393//87 407//87 178//87 
f 339//87 355//87 250//87 
f 223//87 408//87 224//87 
f 178//87 45//87 43//87 
f 47//87 409//87 410//87 
f 359//87 78//87 71//87 
f 411//87 75//87 78//87 
f 412//87 133//87 131//87 
f 133//87 412//87 413//87 
f 138//87 414//87 395//87 
f 414//87 138//87 137//87 
f 378//87 127//87 125//87 
f 375//87 87//87 86//87 
f 91//87 90//87 375//87 
f 117//87 115//87 415//87 
f 121//87 119//87 377//87 
f 349//87 326//87 347//87 
f 408//87 416//87 417//87 
f 399//87 418//87 27//87 
f 363//87 400//87 312//87 
f 388//87 419//87 389//87 
f 367//87 420//87 368//87 
f 301//87 421//87 405//87 
f 406//87 422//87 335//87 
f 178//87 423//87 219//87 
f 355//87 424//87 335//87 
f 185//87 425//87 186//87 
f 178//87 47//87 45//87 
f 47//87 178//87 409//87 
f 78//87 359//87 411//87 
f 413//87 137//87 133//87 
f 137//87 413//87 414//87 
f 125//87 123//87 378//87 
f 378//87 412//87 130//87 
f 90//87 87//87 375//87 
f 115//87 114//87 426//87 
f 397//87 260//87 119//87 
f 380//87 427//87 398//87 
f 408//87 428//87 429//87 
f 408//87 430//87 416//87 
f 418//87 431//87 27//87 
f 401//87 432//87 312//87 
f 388//87 433//87 419//87 
f 434//87 260//87 403//87 
f 368//87 420//87 402//87 
f 280//87 352//87 435//87 
f 391//87 436//87 352//87 
f 335//87 424//87 336//87 
f 394//87 423//87 178//87 
f 200//87 437//87 198//87 
f 410//87 49//87 47//87 
f 49//87 410//87 438//87 
f 411//87 82//87 75//87 
f 411//87 439//87 79//87 
f 396//87 440//87 138//87 
f 130//87 127//87 378//87 
f 86//87 439//87 375//87 
f 111//87 110//87 258//87 
f 114//87 111//87 441//87 
f 415//87 376//87 117//87 
f 382//87 347//87 380//87 
f 429//87 442//87 408//87 
f 408//87 223//87 430//87 
f 345//87 29//87 27//87 
f 431//87 443//87 27//87 
f 345//87 37//87 35//87 
f 385//87 444//87 386//87 
f 388//87 445//87 433//87 
f 446//87 445//87 388//87 
f 402//87 447//87 403//87 
f 436//87 435//87 352//87 
f 448//87 405//87 421//87 
f 407//87 449//87 178//87 
f 437//87 448//87 198//87 
f 438//87 51//87 49//87 
f 51//87 438//87 450//87 
f 79//87 82//87 411//87 
f 123//87 121//87 378//87 
f 139//87 138//87 440//87 
f 258//87 441//87 111//87 
f 426//87 415//87 115//87 
f 380//87 451//87 427//87 
f 417//87 428//87 408//87 
f 443//87 452//87 27//87 
f 35//87 32//87 345//87 
f 401//87 453//87 432//87 
f 388//87 454//87 446//87 
f 403//87 447//87 434//87 
f 421//87 198//87 448//87 
f 254//87 335//87 171//87 
f 450//87 53//87 51//87 
f 53//87 450//87 455//87 
f 55//87 455//87 275//87 
f 439//87 85//87 79//87 
f 440//87 172//87 139//87 
f 441//87 426//87 114//87 
f 408//87 456//87 427//87 
f 442//87 457//87 408//87 
f 27//87 458//87 277//87 
f 32//87 31//87 345//87 
f 27//87 175//87 459//87 
f 385//87 460//87 444//87 
f 454//87 461//87 446//87 
f 462//87 461//87 454//87 
f 280//87 463//87 281//87 
f 422//87 171//87 335//87 
f 455//87 55//87 53//87 
f 62//87 56//87 275//87 
f 86//87 85//87 439//87 
f 457//87 456//87 408//87 
f 31//87 29//87 345//87 
f 459//87 464//87 27//87 
f 465//87 466//87 432//87 
f 385//87 467//87 460//87 
f 454//87 468//87 462//87 
f 435//87 463//87 280//87 
f 275//87 56//87 55//87 
f 451//87 408//87 427//87 
f 464//87 458//87 27//87 
f 425//87 185//87 466//87 
f 453//87 469//87 432//87 
f 468//87 470//87 462//87 
f 471//87 470//87 468//87 
f 374//87 285//87 178//87 
f 27//87 452//87 345//87 
f 432//87 469//87 465//87 
f 364//87 472//87 467//87 
f 468//87 178//87 471//87 
f 131//87 130//87 412//87 
f 467//87 385//87 364//87 
f 178//87 449//87 471//87 
f 466//87 465//87 425//87 
f 366//87 473//87 364//87 
f 473//87 472//87 364//87 
f 434//87 379//87 260//87 
o mesh2
f 474//88 475//89 207//89 
f 265//88 300//90 476//90 
f 300//90 302//91 477//91 
f 478//92 477//91 302//91 
f 370//92 404//93 479//93 
f 404//93 405//94 480//94 
f 481//95 480//94 405//94 
f 448//95 437//96 482//96 
f 483//97 484//98 437//96 
f 437//96 200//98 483//97 
f 200//98 199//97 483//97 
f 485//99 486//100 199//97 
f 199//97 211//100 485//99 
f 211//100 222//99 485//99 
f 487//101 488//102 222//99 
f 222//99 236//102 487//101 
f 236//102 251//101 487//101 
f 489//103 490//104 251//101 
f 251//101 268//104 489//103 
f 268//104 288//103 489//103 
f 491//105 492//106 288//103 
f 288//103 306//106 491//105 
f 306//106 317//105 491//105 
f 493//107 494//108 317//105 
f 317//105 343//108 493//107 
f 343//108 357//107 493//107 
f 357//107 373//109 495//109 
f 495//109 373//109 318//110 
f 318//110 496//110 495//109 
f 496//110 269//111 289//112 
f 496//110 318//110 269//111 
f 289//112 497//112 498//111 
f 497//112 226//113 238//114 
f 497//112 289//112 226//113 
f 238//114 499//114 500//113 
f 499//114 228//115 212//116 
f 499//114 238//114 228//115 
f 212//116 501//116 502//115 
f 501//116 201//117 183//118 
f 501//116 212//116 201//117 
f 183//118 503//118 504//117 
f 503//118 182//119 237//120 
f 503//118 183//118 182//119 
f 237//120 505//120 506//119 
f 505//120 225//121 224//122 
f 505//120 237//120 225//121 
f 224//122 507//122 508//121 
f 408//123 509//123 507//122 
f 509//123 408//123 451//124 
f 380//125 510//125 511//124 
f 347//126 512//126 510//125 
f 512//126 347//126 326//127 
f 513//127 326//127 330//128 
f 329//129 514//129 515//128 
f 514//129 329//129 174//130 
f 174//130 516//130 514//129 
f 515//128 330//128 329//129 
f 330//128 515//128 513//127 
f 326//127 513//127 512//126 
f 510//125 380//125 347//126 
f 511//124 451//124 380//125 
f 451//124 511//124 509//123 
f 507//122 224//122 408//123 
f 224//122 508//121 505//120 
f 237//120 506//119 503//118 
f 183//118 504//117 501//116 
f 212//116 502//115 499//114 
f 238//114 500//113 497//112 
f 289//112 498//111 496//110 
f 495//109 493//107 357//107 
f 494//108 491//105 317//105 
f 492//106 489//103 288//103 
f 490//104 487//101 251//101 
f 488//102 485//99 222//99 
f 486//100 483//97 199//97 
f 484//98 482//96 437//96 
f 482//96 481//95 448//95 
f 405//94 448//95 481//95 
f 480//94 479//93 404//93 
f 479//93 478//92 370//92 
f 302//91 370//92 478//92 
f 477//91 476//90 300//90 
f 476//90 474//88 265//88 
f 207//89 265//88 474//88 
o mesh3
f 189//131 207//131 475//131 
f 475//131 517//131 189//131 
o mesh4
f 518//130 172//130 440//132 
f 519//132 440//132 396//133 
f 395//134 520//134 521//133 
f 520//134 395//134 414//135 
f 522//135 414//135 413//136 
f 523//136 413//136 412//137 
f 524//137 412//137 378//138 
f 525//138 378//138 377//139 
f 205//140 526//141 527//142 
f 205//140 528//143 526//141 
f 527//142 377//139 206//144 
f 232//145 529//146 528//143 
f 232//145 530//145 529//146 
f 528//143 205//140 216//146 
f 259//147 531//148 530//145 
f 259//147 532//147 531//148 
f 530//145 232//145 245//148 
f 294//149 533//150 532//147 
f 294//149 534//149 533//150 
f 532//147 259//147 261//150 
f 325//151 535//152 534//149 
f 325//151 536//151 535//152 
f 534//149 294//149 310//152 
f 360//153 537//154 536//151 
f 360//153 538//153 537//154 
f 536//151 325//151 346//154 
f 539//155 540//156 379//156 
f 379//156 540//156 538//153 
f 538//153 360//153 379//156 
f 434//155 447//157 541//158 
f 541//158 542//157 434//155 
f 542//157 539//155 434//155 
f 402//158 420//159 543//160 
f 543//160 544//159 402//158 
f 544//159 541//158 402//158 
f 367//160 390//161 545//162 
f 545//162 546//161 367//160 
f 546//161 543//160 367//160 
f 369//162 351//163 547//164 
f 547//164 548//163 369//162 
f 548//163 545//162 369//162 
f 334//164 298//165 549//166 
f 549//166 550//165 334//164 
f 550//165 547//164 334//164 
f 299//166 282//167 551//168 
f 551//168 552//167 299//166 
f 552//167 549//166 299//166 
f 281//168 463//169 553//169 
f 554//170 553//169 463//169 
f 435//170 436//171 555//171 
f 436//171 391//172 556//172 
f 391//172 314//173 557//173 
f 314//173 313//174 558//174 
f 559//175 558//174 313//174 
f 283//175 189//176 517//176 
f 517//176 559//175 283//175 
f 313//174 283//175 559//175 
f 558//174 557//173 314//173 
f 557//173 556//172 391//172 
f 556//172 555//171 436//171 
f 555//171 554//170 435//170 
f 463//169 435//170 554//170 
f 553//169 551//168 281//168 
f 282//167 281//168 551//168 
f 298//165 299//166 549//166 
f 351//163 334//164 547//164 
f 390//161 369//162 545//162 
f 420//159 367//160 543//160 
f 447//157 402//158 541//158 
f 379//156 434//155 539//155 
f 536//151 346//154 360//153 
f 534//149 310//152 325//151 
f 532//147 261//150 294//149 
f 530//145 245//148 259//147 
f 528//143 216//146 232//145 
f 527//142 206//144 205//140 
f 377//139 527//142 525//138 
f 378//138 525//138 524//137 
f 412//137 524//137 523//136 
f 413//136 523//136 522//135 
f 414//135 522//135 520//134 
f 521//133 396//133 395//134 
f 396//133 521//133 519//132 
f 440//132 519//132 518//130 
o mesh5
f 172//177 518//177 516//177 
f 516//177 174//177 172//177 
o mesh6
f 560//178 561//179 248//179 
f 208//178 194//180 562//180 
f 194//180 195//181 563//181 
f 564//182 563//181 195//181 
f 196//182 250//183 565//183 
f 250//183 356//184 566//184 
f 567//185 566//184 356//184 
f 335//185 254//186 568//186 
f 569//187 570//188 254//186 
f 254//186 170//188 569//187 
f 170//188 169//187 569//187 
f 571//189 572//190 169//187 
f 169//187 176//190 571//189 
f 176//190 177//189 571//189 
f 573//191 574//192 177//189 
f 177//189 184//192 573//191 
f 184//192 202//191 573//191 
f 575//193 576//194 202//191 
f 202//191 213//194 575//193 
f 213//194 229//193 575//193 
f 577//195 578//196 229//193 
f 229//193 239//196 577//195 
f 239//196 271//195 577//195 
f 579//197 580//198 271//195 
f 271//195 241//198 579//197 
f 241//198 240//197 579//197 
f 240//197 320//199 581//199 
f 581//199 320//199 358//200 
f 358//200 582//200 581//199 
f 582//200 344//201 321//202 
f 582//200 358//200 344//201 
f 321//202 583//202 584//201 
f 583//202 308//203 291//204 
f 583//202 321//202 308//203 
f 291//204 585//204 586//203 
f 585//204 273//205 256//206 
f 585//204 291//204 273//205 
f 256//206 587//206 588//205 
f 587//206 242//207 230//208 
f 587//206 256//206 242//207 
f 230//208 589//208 590//207 
f 589//208 214//209 203//210 
f 589//208 230//208 214//209 
f 203//210 591//210 592//209 
f 591//210 187//211 186//212 
f 591//210 203//210 187//211 
f 186//212 593//212 594//211 
f 593//212 186//212 425//213 
f 595//213 425//213 465//214 
f 469//215 596//215 597//214 
f 453//216 598//216 596//215 
f 598//216 453//216 401//217 
f 599//217 401//217 400//218 
f 363//219 600//219 601//218 
f 600//219 363//219 263//220 
f 263//220 602//220 600//219 
f 601//218 400//218 363//219 
f 400//218 601//218 599//217 
f 401//217 599//217 598//216 
f 596//215 469//215 453//216 
f 597//214 465//214 469//215 
f 465//214 597//214 595//213 
f 425//213 595//213 593//212 
f 186//212 594//211 591//210 
f 203//210 592//209 589//208 
f 230//208 590//207 587//206 
f 256//206 588//205 585//204 
f 291//204 586//203 583//202 
f 321//202 584//201 582//200 
f 581//199 579//197 240//197 
f 580//198 577//195 271//195 
f 578//196 575//193 229//193 
f 576//194 573//191 202//191 
f 574//192 571//189 177//189 
f 572//190 569//187 169//187 
f 570//188 568//186 254//186 
f 568//186 567//185 335//185 
f 356//184 335//185 567//185 
f 566//184 565//183 250//183 
f 565//183 564//182 196//182 
f 195//181 196//182 564//182 
f 563//181 562//180 194//180 
f 562//180 560//178 208//178 
f 248//179 208//178 560//178 
o mesh7
f 287//221 248//221 561//221 
f 561//221 603//221 287//221 
o mesh8
f 604//220 262//220 333//222 
f 605//222 333//222 384//223 
f 606//223 384//223 386//224 
f 607//224 386//224 444//225 
f 608//225 444//225 460//226 
f 609//226 460//226 467//227 
f 610//227 467//227 472//228 
f 611//228 472//228 473//229 
f 365//230 612//231 613//232 
f 365//230 614//233 612//231 
f 613//232 473//229 366//234 
f 389//235 615//236 614//233 
f 389//235 616//235 615//236 
f 614//233 365//230 387//236 
f 433//237 617//238 616//235 
f 433//237 618//237 617//238 
f 616//235 389//235 419//238 
f 446//239 619//240 618//237 
f 446//239 620//239 619//240 
f 618//237 433//237 445//240 
f 462//241 621//242 620//239 
f 462//241 622//241 621//242 
f 620//239 446//239 461//242 
f 471//243 623//244 622//241 
f 471//243 624//243 623//244 
f 622//241 462//241 470//244 
f 625//245 626//246 449//246 
f 449//246 626//246 624//243 
f 624//243 471//243 449//246 
f 407//245 393//247 627//248 
f 627//248 628//247 407//245 
f 628//247 625//245 407//245 
f 372//248 354//249 629//250 
f 629//250 630//249 372//248 
f 630//249 627//248 372//248 
f 338//250 315//251 631//252 
f 631//252 632//251 338//250 
f 632//251 629//250 338//250 
f 303//252 284//253 633//254 
f 633//254 634//253 303//252 
f 634//253 631//252 303//252 
f 266//254 247//255 635//256 
f 635//256 636//255 266//254 
f 636//255 633//254 266//254 
f 234//256 220//257 637//258 
f 637//258 638//257 234//256 
f 638//257 635//256 234//256 
f 219//258 423//259 639//259 
f 640//260 639//259 423//259 
f 394//260 341//261 641//261 
f 341//261 340//262 642//262 
f 340//262 342//263 643//263 
f 342//263 316//264 644//264 
f 316//264 305//265 645//265 
f 305//265 287//266 603//266 
f 603//266 645//265 305//265 
f 645//265 644//264 316//264 
f 644//264 643//263 342//263 
f 643//263 642//262 340//262 
f 642//262 641//261 341//261 
f 641//261 640//260 394//260 
f 423//259 394//260 640//260 
f 639//259 637//258 219//258 
f 220//257 219//258 637//258 
f 247//255 234//256 635//256 
f 284//253 266//254 633//254 
f 315//251 303//252 631//252 
f 354//249 338//250 629//250 
f 393//247 372//248 627//248 
f 449//246 407//245 625//245 
f 622//241 470//244 471//243 
f 620//239 461//242 462//241 
f 618//237 445//240 446//239 
f 616//235 419//238 433//237 
f 614//233 387//236 389//235 
f 613//232 366//234 365//230 
f 473//229 613//232 611//228 
f 472//228 611//228 610//227 
f 467//227 610//227 609//226 
f 460//226 609//226 608//225 
f 444//225 608//225 607//224 
f 386//224 607//224 606//223 
f 384//223 606//223 605//222 
f 333//222 605//222 604//220 
o mesh9
f 262//267 604//267 602//267 
f 602//267 263//267 262//267 
o mesh10
f 646//268 290//269 272//270 
f 646//268 307//271 290//269 
f 272//270 647//270 648//272 
f 647//270 255//273 173//274 
f 647//270 272//270 255//273 
f 173//274 649//274 650//273 
f 649//274 171//275 422//276 
f 649//274 173//274 171//275 
f 422//276 651//276 652//275 
f 651//276 406//277 392//278 
f 651//276 422//276 406//277 
f 392//278 653//278 654//277 
f 653//278 371//279 353//280 
f 653//278 392//278 371//279 
f 353//280 655//280 656//279 
f 655//280 337//281 336//282 
f 655//280 353//280 337//281 
f 336//282 657//282 658//281 
f 657//282 336//282 424//283 
f 659//283 424//283 355//284 
f 339//285 660//285 661//284 
f 660//285 339//285 267//286 
f 662//286 267//286 235//287 
f 663//287 235//287 221//288 
f 664//288 221//288 210//289 
f 665//289 210//289 197//290 
f 666//290 197//290 209//291 
f 193//292 667//292 668//291 
f 667//292 193//292 192//293 
f 249//294 669//294 670//293 
f 669//294 249//294 304//295 
f 671//295 304//295 286//296 
f 285//297 672//297 673//296 
f 672//297 285//297 374//298 
f 179//299 674//300 675//301 
f 179//299 676//302 674//300 
f 675//301 374//298 180//303 
f 204//304 677//305 676//302 
f 204//304 678//304 677//305 
f 676//302 179//299 188//305 
f 231//306 679//307 678//304 
f 231//306 680//306 679//307 
f 678//304 204//304 215//307 
f 257//308 681//309 680//306 
f 257//308 682//308 681//309 
f 680//306 231//306 243//309 
f 292//310 683//311 682//308 
f 292//310 684//310 683//311 
f 682//308 257//308 274//311 
f 322//312 685//313 684//310 
f 322//312 686//312 685//313 
f 684//310 292//310 309//313 
f 687//314 688//315 345//315 
f 345//315 688//315 686//312 
f 686//312 322//312 345//315 
f 452//314 443//316 689//317 
f 689//317 690//316 452//314 
f 690//316 687//314 452//314 
f 431//317 418//318 691//319 
f 691//319 692//318 431//317 
f 692//318 689//317 431//317 
f 399//319 383//320 693//321 
f 693//321 694//320 399//319 
f 694//320 691//319 399//319 
f 362//321 350//322 695//323 
f 695//323 696//322 362//321 
f 696//322 693//321 362//321 
f 331//323 311//324 697//325 
f 697//325 698//324 331//323 
f 698//324 695//323 331//323 
f 295//325 278//326 699//327 
f 699//327 700//326 295//325 
f 700//326 697//325 295//325 
f 701//328 699//327 277//327 
f 458//328 464//329 702//329 
f 703//330 702//329 464//329 
f 704//331 703//330 459//330 
f 175//331 217//332 705//332 
f 217//332 328//333 706//333 
f 707//334 706//333 328//333 
f 327//334 349//335 708//335 
f 349//335 348//336 709//336 
f 348//336 361//337 710//337 
f 361//337 382//338 711//338 
f 382//338 381//339 712//339 
f 713//340 712//339 381//339 
f 398//340 427//341 714//341 
f 427//341 456//342 715//342 
f 716//343 715//342 456//342 
f 717//344 718//345 457//346 
f 457//346 442//345 717//344 
f 442//345 429//347 717//344 
f 719//348 720//349 429//347 
f 429//347 428//349 719//348 
f 428//349 417//348 719//348 
f 721//350 722//351 417//348 
f 417//348 416//351 721//350 
f 416//351 430//350 721//350 
f 723//352 724//353 430//350 
f 430//350 223//353 723//352 
f 223//353 181//352 723//352 
f 725//354 726//355 181//352 
f 181//352 227//355 725//354 
f 227//355 253//354 725//354 
f 727//356 728//357 253//354 
f 253//354 252//357 727//356 
f 252//357 270//356 727//356 
f 270//356 319//358 729//358 
f 729//358 319//358 307//271 
f 307//271 646//268 729//358 
f 729//358 727//356 270//356 
f 728//357 725//354 253//354 
f 726//355 723//352 181//352 
f 724//353 721//350 430//350 
f 722//351 719//348 417//348 
f 720//349 717//344 429//347 
f 718//345 716//343 457//346 
f 456//342 457//346 716//343 
f 715//342 714//341 427//341 
f 714//341 713//340 398//340 
f 381//339 398//340 713//340 
f 712//339 711//338 382//338 
f 711//338 710//337 361//337 
f 710//337 709//336 348//336 
f 709//336 708//335 349//335 
f 708//335 707//334 327//334 
f 328//333 327//334 707//334 
f 706//333 705//332 217//332 
f 705//332 704//331 175//331 
f 459//330 175//331 704//331 
f 464//329 459//330 703//330 
f 702//329 701//328 458//328 
f 277//327 458//328 701//328 
f 278//326 277//327 699//327 
f 311//324 295//325 697//325 
f 350//322 331//323 695//323 
f 383//320 362//321 693//321 
f 418//318 399//319 691//319 
f 443//316 431//317 689//317 
f 345//315 452//314 687//314 
f 684//310 309//313 322//312 
f 682//308 274//311 292//310 
f 680//306 243//309 257//308 
f 678//304 215//307 231//306 
f 676//302 188//305 204//304 
f 675//301 180//303 179//299 
f 374//298 675//301 672//297 
f 673//296 286//296 285//297 
f 286//296 673//296 671//295 
f 304//295 671//295 669//294 
f 670//293 192//293 249//294 
f 192//293 670//293 667//292 
f 668//291 209//291 193//292 
f 209//291 668//291 666//290 
f 197//290 666//290 665//289 
f 210//289 665//289 664//288 
f 221//288 664//288 663//287 
f 235//287 663//287 662//286 
f 267//286 662//286 660//285 
f 661//284 355//284 339//285 
f 355//284 661//284 659//283 
f 424//283 659//283 657//282 
f 336//282 658//281 655//280 
f 353//280 656//279 653//278 
f 392//278 654//277 651//276 
f 422//276 652//275 649//274 
f 173//274 650//273 647//270 
f 272//270 648//272 646//268 
o mesh11
f 730//359 549//359 552//359 
f 120//359 527//359 526//359 
f 26//359 25//359 603//359 
f 730//359 550//359 549//359 
f 731//359 547//359 550//359 
f 526//359 528//359 120//359 
f 48//359 635//359 638//359 
f 732//359 613//359 612//359 
f 561//359 21//359 26//359 
f 550//359 730//359 731//359 
f 528//359 529//359 120//359 
f 48//359 636//359 635//359 
f 733//359 732//359 615//359 
f 612//359 614//359 732//359 
f 561//359 22//359 21//359 
f 517//359 475//359 734//359 
f 731//359 548//359 547//359 
f 529//359 530//359 120//359 
f 109//359 735//359 736//359 
f 60//359 61//359 737//359 
f 48//359 633//359 636//359 
f 614//359 615//359 732//359 
f 561//359 17//359 22//359 
f 18//359 17//359 561//359 
f 518//359 142//359 144//359 
f 168//359 675//359 674//359 
f 475//359 738//359 734//359 
f 731//359 545//359 548//359 
f 739//359 120//359 532//359 
f 530//359 531//359 120//359 
f 736//359 104//359 109//359 
f 740//359 57//359 60//359 
f 48//359 634//359 633//359 
f 615//359 616//359 733//359 
f 561//359 560//359 18//359 
f 518//359 148//359 147//359 
f 144//359 143//359 518//359 
f 674//359 676//359 168//359 
f 505//359 508//359 724//359 
f 475//359 741//359 738//359 
f 731//359 546//359 545//359 
f 543//359 546//359 731//359 
f 531//359 532//359 120//359 
f 736//359 105//359 104//359 
f 737//359 740//359 60//359 
f 48//359 631//359 634//359 
f 742//359 632//359 631//359 
f 616//359 617//359 733//359 
f 560//359 13//359 18//359 
f 705//359 706//359 515//359 
f 513//359 515//359 706//359 
f 512//359 513//359 708//359 
f 143//359 148//359 518//359 
f 676//359 677//359 168//359 
f 724//359 723//359 505//359 
f 475//359 743//359 741//359 
f 731//359 744//359 543//359 
f 532//359 533//359 739//359 
f 736//359 100//359 105//359 
f 100//359 736//359 745//359 
f 65//359 68//359 746//359 
f 61//359 64//359 737//359 
f 631//359 48//359 742//359 
f 620//359 747//359 733//359 
f 617//359 618//359 733//359 
f 560//359 14//359 13//359 
f 667//359 9//359 14//359 
f 515//359 514//359 705//359 
f 706//359 707//359 513//359 
f 708//359 709//359 512//359 
f 147//359 699//359 518//359 
f 677//359 678//359 168//359 
f 723//359 506//359 505//359 
f 748//359 559//359 517//359 
f 744//359 544//359 543//359 
f 541//359 544//359 744//359 
f 533//359 534//359 739//359 
f 745//359 101//359 100//359 
f 64//359 65//359 737//359 
f 742//359 629//359 632//359 
f 618//359 619//359 733//359 
f 14//359 560//359 667//359 
f 604//359 749//359 750//359 
f 707//359 708//359 513//359 
f 709//359 710//359 512//359 
f 164//359 697//359 700//359 
f 147//359 152//359 699//359 
f 678//359 679//359 168//359 
f 723//359 503//359 506//359 
f 751//359 482//359 484//359 
f 734//359 748//359 517//359 
f 744//359 752//359 541//359 
f 534//359 535//359 739//359 
f 745//359 96//359 101//359 
f 96//359 745//359 753//359 
f 69//359 72//359 754//359 
f 746//359 737//359 65//359 
f 742//359 630//359 629//359 
f 622//359 755//359 747//359 
f 733//359 619//359 620//359 
f 572//359 649//359 652//359 
f 652//359 568//359 570//359 
f 667//359 10//359 9//359 
f 750//359 602//359 604//359 
f 710//359 711//359 512//359 
f 510//359 512//359 711//359 
f 164//359 698//359 697//359 
f 152//359 151//359 699//359 
f 679//359 680//359 168//359 
f 723//359 504//359 503//359 
f 484//359 483//359 751//359 
f 475//359 474//359 743//359 
f 752//359 542//359 541//359 
f 539//359 542//359 752//359 
f 535//359 536//359 739//359 
f 753//359 97//359 96//359 
f 68//359 69//359 746//359 
f 742//359 627//359 630//359 
f 620//359 621//359 747//359 
f 570//359 569//359 652//359 
f 667//359 5//359 10//359 
f 750//359 756//359 602//359 
f 516//359 704//359 705//359 
f 711//359 712//359 510//359 
f 163//359 692//359 691//359 
f 164//359 695//359 698//359 
f 151//359 156//359 699//359 
f 680//359 681//359 168//359 
f 723//359 501//359 504//359 
f 483//359 486//359 751//359 
f 743//359 476//359 477//359 
f 748//359 558//359 559//359 
f 752//359 739//359 539//359 
f 536//359 537//359 739//359 
f 753//359 92//359 97//359 
f 754//359 746//359 69//359 
f 742//359 628//359 627//359 
f 624//359 742//359 755//359 
f 747//359 621//359 622//359 
f 652//359 569//359 572//359 
f 667//359 6//359 5//359 
f 756//359 757//359 602//359 
f 712//359 713//359 510//359 
f 163//359 689//359 692//359 
f 164//359 696//359 695//359 
f 156//359 155//359 699//359 
f 681//359 682//359 168//359 
f 723//359 502//359 501//359 
f 486//359 485//359 751//359 
f 474//359 476//359 743//359 
f 748//359 758//359 557//359 
f 739//359 540//359 539//359 
f 537//359 538//359 739//359 
f 753//359 93//359 92//359 
f 759//359 88//359 93//359 
f 760//359 754//359 76//359 
f 72//359 73//359 754//359 
f 742//359 625//359 628//359 
f 622//359 623//359 755//359 
f 572//359 571//359 649//359 
f 667//359 1//359 6//359 
f 757//359 761//359 602//359 
f 509//359 716//359 718//359 
f 516//359 703//359 704//359 
f 516//359 518//359 702//359 
f 163//359 690//359 689//359 
f 164//359 693//359 696//359 
f 164//359 163//359 694//359 
f 155//359 160//359 699//359 
f 682//359 683//359 168//359 
f 723//359 499//359 502//359 
f 485//359 488//359 751//359 
f 557//359 558//359 748//359 
f 538//359 540//359 739//359 
f 527//359 120//359 122//359 
f 93//359 753//359 759//359 
f 73//359 76//359 754//359 
f 742//359 626//359 625//359 
f 755//359 623//359 624//359 
f 571//359 574//359 649//359 
f 667//359 168//359 1//359 
f 761//359 600//359 602//359 
f 718//359 717//359 509//359 
f 702//359 703//359 516//359 
f 163//359 687//359 690//359 
f 163//359 168//359 688//359 
f 694//359 693//359 164//359 
f 160//359 159//359 699//359 
f 683//359 684//359 168//359 
f 723//359 500//359 499//359 
f 488//359 487//359 751//359 
f 477//359 762//359 743//359 
f 122//359 525//359 527//359 
f 120//359 763//359 764//359 
f 759//359 89//359 88//359 
f 759//359 765//359 83//359 
f 760//359 80//359 81//359 
f 76//359 77//359 760//359 
f 624//359 626//359 742//359 
f 574//359 573//359 649//359 
f 564//359 665//359 666//359 
f 563//359 668//359 667//359 
f 603//359 561//359 26//359 
f 761//359 601//359 600//359 
f 766//359 591//359 594//359 
f 717//359 720//359 509//359 
f 713//359 511//359 510//359 
f 688//359 687//359 163//359 
f 159//359 164//359 699//359 
f 684//359 685//359 168//359 
f 508//359 507//359 724//359 
f 751//359 496//359 498//359 
f 487//359 490//359 751//359 
f 758//359 556//359 557//359 
f 552//359 551//359 730//359 
f 120//359 739//359 763//359 
f 83//359 89//359 759//359 
f 77//359 80//359 760//359 
f 136//359 519//359 521//359 
f 30//359 643//359 644//359 
f 48//359 50//359 767//359 
f 637//359 639//359 46//359 
f 732//359 611//359 613//359 
f 578//359 650//359 649//359 
f 573//359 576//359 649//359 
f 564//359 664//359 665//359 
f 563//359 666//359 668//359 
f 25//359 28//359 603//359 
f 749//359 606//359 607//359 
f 604//359 605//359 749//359 
f 766//359 592//359 591//359 
f 720//359 719//359 509//359 
f 514//359 516//359 705//359 
f 700//359 699//359 164//359 
f 685//359 686//359 168//359 
f 726//359 497//359 500//359 
f 498//359 726//359 751//359 
f 490//359 489//359 751//359 
f 758//359 555//359 556//359 
f 764//359 118//359 120//359 
f 118//359 764//359 768//359 
f 765//359 84//359 83//359 
f 81//359 765//359 760//359 
f 522//359 523//359 135//359 
f 521//359 520//359 136//359 
f 134//359 135//359 523//359 
f 524//359 129//359 132//359 
f 640//359 33//359 36//359 
f 33//359 640//359 641//359 
f 30//359 642//359 643//359 
f 642//359 30//359 34//359 
f 767//359 769//359 48//359 
f 638//359 637//359 48//359 
f 576//359 575//359 649//359 
f 565//359 662//359 663//359 
f 564//359 663//359 664//359 
f 560//359 562//359 667//359 
f 605//359 606//359 749//359 
f 761//359 770//359 599//359 
f 766//359 589//359 592//359 
f 719//359 722//359 509//359 
f 714//359 509//359 511//359 
f 686//359 688//359 168//359 
f 726//359 498//359 497//359 
f 726//359 725//359 751//359 
f 489//359 492//359 751//359 
f 480//359 771//359 762//359 
f 477//359 478//359 762//359 
f 768//359 116//359 118//359 
f 116//359 768//359 772//359 
f 112//359 773//359 735//359 
f 81//359 84//359 765//359 
f 525//359 128//359 129//359 
f 525//359 124//359 126//359 
f 520//359 522//359 136//359 
f 132//359 134//359 524//359 
f 641//359 34//359 33//359 
f 34//359 641//359 642//359 
f 639//359 40//359 42//359 
f 50//359 52//359 774//359 
f 46//359 48//359 637//359 
f 649//359 575//359 578//359 
f 565//359 660//359 662//359 
f 667//359 562//359 563//359 
f 599//359 601//359 761//359 
f 766//359 590//359 589//359 
f 722//359 721//359 509//359 
f 518//359 701//359 702//359 
f 518//359 140//359 142//359 
f 168//359 667//359 670//359 
f 725//359 728//359 751//359 
f 492//359 491//359 751//359 
f 478//359 479//359 762//359 
f 772//359 113//359 116//359 
f 113//359 772//359 773//359 
f 109//359 108//359 735//359 
f 58//359 57//359 740//359 
f 126//359 128//359 525//359 
f 140//359 518//359 519//359 
f 523//359 524//359 134//359 
f 644//359 645//359 30//359 
f 28//359 30//359 645//359 
f 42//359 44//359 639//359 
f 639//359 640//359 38//359 
f 52//359 54//359 775//359 
f 769//359 742//359 48//359 
f 766//359 650//359 580//359 
f 578//359 577//359 650//359 
f 766//359 648//359 647//359 
f 666//359 563//359 564//359 
f 567//359 654//359 653//359 
f 770//359 598//359 599//359 
f 766//359 587//359 590//359 
f 509//359 715//359 716//359 
f 713//359 714//359 511//359 
f 168//359 672//359 675//359 
f 670//359 669//359 168//359 
f 723//359 726//359 500//359 
f 491//359 494//359 751//359 
f 758//359 554//359 555//359 
f 730//359 553//359 554//359 
f 773//359 112//359 113//359 
f 740//359 776//359 58//359 
f 525//359 122//359 124//359 
f 135//359 136//359 522//359 
f 645//359 603//359 28//359 
f 38//359 40//359 639//359 
f 54//359 58//359 776//359 
f 774//359 767//359 50//359 
f 577//359 580//359 650//359 
f 766//359 646//359 648//359 
f 565//359 661//359 660//359 
f 567//359 656//359 655//359 
f 567//359 651//359 654//359 
f 607//359 777//359 749//359 
f 766//359 588//359 587//359 
f 714//359 715//359 509//359 
f 691//359 694//359 163//359 
f 669//359 671//359 168//359 
f 728//359 727//359 751//359 
f 494//359 493//359 751//359 
f 481//359 751//359 771//359 
f 554//359 758//359 730//359 
f 735//359 108//359 112//359 
f 519//359 136//359 140//359 
f 44//359 46//359 639//359 
f 775//359 774//359 52//359 
f 647//359 650//359 766//359 
f 766//359 751//359 729//359 
f 663//359 564//359 565//359 
f 655//359 658//359 567//359 
f 567//359 652//359 651//359 
f 607//359 608//359 777//359 
f 766//359 585//359 588//359 
f 699//359 701//359 518//359 
f 671//359 673//359 168//359 
f 751//359 495//359 496//359 
f 751//359 481//359 482//359 
f 762//359 479//359 480//359 
f 129//359 524//359 525//359 
f 776//359 775//359 54//359 
f 729//359 646//359 766//359 
f 565//359 566//359 661//359 
f 653//359 656//359 567//359 
f 770//359 596//359 598//359 
f 597//359 596//359 770//359 
f 766//359 586//359 585//359 
f 673//359 672//359 168//359 
f 727//359 729//359 751//359 
f 771//359 480//359 481//359 
f 36//359 38//359 640//359 
f 580//359 579//359 766//359 
f 567//359 659//359 661//359 
f 658//359 657//359 567//359 
f 770//359 778//359 597//359 
f 766//359 583//359 586//359 
f 507//359 509//359 724//359 
f 551//359 553//359 730//359 
f 652//359 567//359 568//359 
f 657//359 659//359 567//359 
f 732//359 777//359 610//359 
f 608//359 609//359 777//359 
f 766//359 584//359 583//359 
f 493//359 495//359 751//359 
f 566//359 567//359 661//359 
f 609//359 610//359 777//359 
f 595//359 597//359 778//359 
f 766//359 582//359 584//359 
f 579//359 581//359 766//359 
f 778//359 766//359 595//359 
f 766//359 581//359 582//359 
f 610//359 611//359 732//359 
f 594//359 593//359 766//359 
f 593//359 595//359 766//359 
f 721//359 724//359 509//359 
o mesh12
f 779//360 780//361 781//362 
f 782//363 779//360 783//364 
f 783//364 784//365 782//363 
f 785//366 782//363 784//365 
f 784//365 786//367 785//366 
f 786//367 787//366 785//366 
f 781//362 783//364 779//360 
f 466//368 788//369 766//370 
f 185//371 789//372 788//369 
f 185//371 790//373 791//374 
f 791//374 789//372 185//371 
f 790//373 792//375 791//374 
f 792//375 781//362 791//374 
f 788//369 466//368 185//371 
f 778//376 770//377 432//377 
f 770//377 761//378 312//378 
f 761//378 757//379 296//379 
f 279//380 296//379 757//379 
f 756//380 750//381 264//381 
f 750//381 749//382 332//382 
f 385//383 332//382 749//382 
f 777//383 732//384 364//384 
f 732//384 733//385 388//385 
f 468//386 454//387 733//385 
f 733//385 747//387 468//386 
f 747//387 755//386 468//386 
f 742//388 409//389 178//388 
f 178//388 755//386 742//388 
f 742//388 769//389 409//389 
f 767//390 438//391 410//390 
f 410//390 769//389 767//390 
f 767//390 774//391 438//391 
f 775//392 455//393 450//392 
f 450//392 774//391 775//392 
f 775//392 776//393 455//393 
f 776//393 740//394 275//394 
f 740//394 737//395 276//395 
f 276//395 275//394 740//394 
f 737//395 746//396 323//396 
f 359//397 323//396 746//396 
f 746//396 754//397 359//397 
f 411//398 359//397 754//397 
f 760//398 765//399 439//399 
f 439//399 411//398 760//398 
f 759//400 375//400 439//399 
f 375//400 759//400 753//401 
f 753//401 324//401 375//400 
f 745//402 293//402 324//401 
f 293//402 745//402 736//403 
f 736//403 244//403 293//402 
f 735//404 258//404 244//403 
f 258//404 735//404 773//405 
f 773//405 441//405 258//404 
f 772//406 768//407 426//406 
f 441//405 773//405 772//406 
f 768//407 415//407 426//406 
f 764//408 763//409 376//408 
f 415//407 768//407 764//408 
f 763//409 397//409 376//408 
f 739//410 752//411 260//410 
f 397//409 763//409 739//410 
f 752//411 403//411 260//410 
f 403//411 744//412 731//413 
f 403//411 752//411 744//412 
f 731//413 297//413 368//412 
f 730//414 280//414 297//413 
f 280//414 730//414 758//415 
f 748//416 190//416 352//415 
f 190//416 748//416 734//417 
f 191//417 734//417 738//418 
f 218//418 738//418 741//419 
f 743//420 246//420 233//419 
f 246//420 743//420 762//421 
f 301//421 762//421 771//422 
f 793//423 794//424 795//425 
f 793//423 796//426 794//424 
f 797//427 795//425 798//428 
f 799//429 798//428 800//430 
f 800//430 801//431 799//429 
f 798//428 799//429 797//427 
f 800//430 802//430 801//431 
f 198//432 803//433 802//430 
f 802//430 804//434 805//435 
f 802//430 800//430 804//434 
f 198//432 421//436 806//437 
f 806//437 803//433 198//432 
f 421//436 771//422 751//438 
f 751//438 806//437 421//436 
f 802//430 805//435 198//432 
f 795//425 797//427 793//423 
f 771//422 421//436 301//421 
f 762//421 301//421 246//420 
f 233//419 741//419 743//420 
f 741//419 233//419 218//418 
f 738//418 218//418 191//417 
f 734//417 191//417 190//416 
f 352//415 758//415 748//416 
f 758//415 352//415 280//414 
f 297//413 731//413 730//414 
f 731//413 368//412 403//411 
f 260//410 397//409 739//410 
f 376//408 415//407 764//408 
f 426//406 441//405 772//406 
f 244//403 736//403 735//404 
f 324//401 753//401 745//402 
f 439//399 765//399 759//400 
f 754//397 760//398 411//398 
f 323//396 276//395 737//395 
f 275//394 455//393 776//393 
f 450//392 438//391 774//391 
f 410//390 409//389 769//389 
f 178//388 468//386 755//386 
f 454//387 388//385 733//385 
f 388//385 364//384 732//384 
f 364//384 385//383 777//383 
f 749//382 777//383 385//383 
f 332//382 264//381 750//381 
f 264//381 279//380 756//380 
f 757//379 756//380 279//380 
f 296//379 312//378 761//378 
f 312//378 432//377 770//377 
f 432//377 466//368 778//376 
f 766//370 778//376 466//368 
f 780//361 791//374 781//362 
o mesh13
f 788//439 789//440 803//441 
f 803//441 806//442 788//439 
f 751//443 766//443 788//439 
f 791//444 780//445 801//445 
f 801//445 802//444 791//444 
f 803//441 789//440 791//444 
f 799//446 779//447 782//448 
f 799//446 780//445 779//447 
f 782//448 797//448 799//446 
f 807//449 808//449 809//450 
f 810//451 811//451 808//449 
f 812//452 811//451 810//451 
f 813//453 814//453 812//452 
f 815//454 814//453 813//453 
f 816//455 817//455 815//454 
f 793//456 785//457 817//455 
f 793//456 782//448 785//457 
f 817//455 816//455 793//456 
f 793//456 797//448 782//448 
f 815//454 818//458 816//455 
f 813//453 818//458 815//454 
f 812//452 819//459 813//453 
f 810//451 819//459 812//452 
f 808//449 807//449 810//451 
f 809//450 820//460 807//449 
f 799//446 801//445 780//445 
f 802//444 803//441 791//444 
f 806//442 751//443 788//439 
o mesh14
f 821//461 822//461 823//462 
f 824//463 822//461 821//461 
f 825//464 826//464 824//463 
f 827//465 826//464 825//464 
f 828//466 829//466 827//465 
f 830//467 829//466 828//466 
f 805//468 804//469 792//470 
f 792//470 790//471 805//468 
f 185//472 198//472 805//468 
f 781//473 800//473 798//474 
f 798//474 783//474 781//473 
f 792//470 804//469 800//473 
f 784//475 795//476 794//477 
f 784//475 798//474 795//476 
f 794//477 786//477 784//475 
f 796//478 830//467 831//479 
f 831//479 787//480 796//478 
f 786//477 794//477 796//478 
f 787//480 786//477 796//478 
f 784//475 783//474 798//474 
f 781//473 792//470 800//473 
f 790//471 185//472 805//468 
f 828//466 831//479 830//467 
f 827//465 832//481 828//466 
f 825//464 832//481 827//465 
f 824//463 833//482 825//464 
f 821//461 833//482 824//463 
f 823//462 834//483 821//461 
o mesh15
f 826//484 813//484 819//484 
f 818//484 829//484 830//484 
f 819//484 824//484 826//484 
f 818//484 813//484 827//484 
f 830//484 816//484 818//484 
f 827//484 829//484 818//484 
f 796//484 793//484 816//484 
f 824//484 819//484 810//484 
f 830//484 796//484 816//484 
f 835//484 823//484 820//484 
f 810//484 807//484 823//484 
f 826//484 827//484 813//484 
f 823//484 807//484 820//484 
f 810//484 822//484 824//484 
f 823//484 822//484 810//484 
f 820//484 836//484 835//484 
o mesh16
f 815//485 817//485 831//485 
f 825//485 833//485 812//485 
f 817//485 787//485 831//485 
f 832//485 814//485 815//485 
f 814//485 832//485 825//485 
f 831//485 828//485 815//485 
f 812//485 814//485 825//485 
f 815//485 828//485 832//485 
f 833//485 821//485 811//485 
f 811//485 812//485 833//485 
f 811//485 821//485 834//485 
f 837//485 838//485 809//485 
f 834//485 808//485 811//485 
f 809//485 834//485 837//485 
f 809//485 808//485 834//485 
f 817//485 785//485 787//485 
o mesh17
f 838//486 837//486 839//487 
f 840//488 841//488 842//487 
f 841//488 840//488 843//489 
f 844//489 843//489 845//490 
f 846//491 847//492 848//493 
f 846//491 849//494 847//492 
f 848//493 845//490 850//495 
f 851//496 852//497 849//494 
f 851//496 853//496 852//497 
f 849//494 846//491 854//497 
f 855//498 856//499 853//496 
f 855//498 857//498 856//499 
f 853//496 851//496 858//499 
f 859//500 857//498 860//500 
f 861//501 862//501 859//500 
f 857//498 855//498 860//500 
f 863//502 862//501 864//502 
f 865//503 866//503 863//502 
f 862//501 861//501 864//502 
f 867//504 868//504 869//505 
f 868//504 867//504 866//503 
f 866//503 865//503 868//504 
f 870//506 871//506 872//507 
f 871//506 870//506 873//508 
f 873//508 869//505 871//506 
f 874//509 875//510 876//510 
f 872//507 876//510 875//510 
f 875//510 877//511 872//507 
f 878//512 879//513 880//513 
f 881//512 874//509 882//514 
f 882//514 878//512 881//512 
f 883//515 879//513 884//515 
f 884//515 885//516 883//515 
f 883//515 880//513 879//513 
f 886//517 887//516 888//517 
f 888//517 889//518 886//517 
f 886//517 885//516 887//516 
f 890//518 891//519 892//520 
f 892//520 893//519 890//518 
f 893//519 889//518 890//518 
f 894//520 895//521 896//522 
f 896//522 897//521 894//520 
f 897//521 892//520 894//520 
f 898//522 899//523 900//524 
f 900//524 901//523 898//522 
f 901//523 896//522 898//522 
f 902//524 903//525 904//525 
f 903//525 905//526 906//526 
f 905//526 907//527 908//527 
f 907//527 835//528 836//528 
f 836//528 908//527 907//527 
f 908//527 906//526 905//526 
f 906//526 904//525 903//525 
f 904//525 900//524 902//524 
f 899//523 902//524 900//524 
f 895//521 898//522 896//522 
f 891//519 894//520 892//520 
f 888//517 890//518 889//518 
f 884//515 887//516 885//516 
f 880//513 881//512 878//512 
f 876//510 882//514 874//509 
f 872//507 877//511 870//506 
f 869//505 873//508 867//504 
f 864//502 865//503 863//502 
f 860//500 861//501 859//500 
f 853//496 858//499 855//498 
f 849//494 854//497 851//496 
f 848//493 850//495 846//491 
f 845//490 848//493 844//489 
f 843//489 844//489 841//488 
f 842//487 839//487 840//488 
f 839//487 842//487 838//486 
o mesh18
f 902//529 909//529 910//529 
f 911//529 909//529 902//529 
f 912//529 850//529 845//529 
f 845//529 843//529 913//529 
f 902//529 899//529 911//529 
f 914//529 911//529 899//529 
f 915//529 846//529 850//529 
f 913//529 916//529 845//529 
f 823//529 917//529 918//529 
f 899//529 898//529 914//529 
f 919//529 914//529 898//529 
f 920//529 854//529 846//529 
f 845//529 916//529 912//529 
f 918//529 921//529 823//529 
f 898//529 895//529 919//529 
f 922//529 919//529 895//529 
f 923//529 851//529 854//529 
f 850//529 912//529 915//529 
f 921//529 924//529 823//529 
f 895//529 894//529 922//529 
f 925//529 922//529 894//529 
f 926//529 858//529 851//529 
f 846//529 915//529 920//529 
f 924//529 927//529 823//529 
f 823//529 928//529 929//529 
f 894//529 891//529 925//529 
f 930//529 925//529 891//529 
f 931//529 855//529 858//529 
f 854//529 920//529 923//529 
f 927//529 932//529 823//529 
f 929//529 933//529 823//529 
f 835//529 934//529 935//529 
f 891//529 890//529 930//529 
f 936//529 930//529 890//529 
f 937//529 860//529 855//529 
f 851//529 923//529 926//529 
f 834//529 938//529 939//529 
f 932//529 940//529 823//529 
f 823//529 941//529 928//529 
f 935//529 823//529 835//529 
f 890//529 888//529 936//529 
f 887//529 942//529 936//529 
f 861//529 860//529 937//529 
f 858//529 926//529 931//529 
f 837//529 834//529 943//529 
f 834//529 944//529 938//529 
f 940//529 945//529 823//529 
f 933//529 946//529 823//529 
f 835//529 947//529 934//529 
f 936//529 888//529 887//529 
f 884//529 948//529 942//529 
f 879//529 949//529 948//529 
f 865//529 864//529 950//529 
f 864//529 861//529 951//529 
f 855//529 931//529 937//529 
f 834//529 952//529 943//529 
f 939//529 953//529 834//529 
f 945//529 954//529 823//529 
f 935//529 941//529 823//529 
f 942//529 887//529 884//529 
f 948//529 884//529 879//529 
f 955//529 868//529 865//529 
f 937//529 951//529 861//529 
f 943//529 956//529 837//529 
f 834//529 957//529 944//529 
f 834//529 958//529 959//529 
f 834//529 960//529 961//529 
f 954//529 962//529 823//529 
f 946//529 963//529 823//529 
f 879//529 878//529 949//529 
f 878//529 882//529 964//529 
f 868//529 955//529 965//529 
f 951//529 950//529 864//529 
f 953//529 952//529 834//529 
f 961//529 958//529 834//529 
f 834//529 966//529 967//529 
f 962//529 968//529 823//529 
f 963//529 969//529 823//529 
f 964//529 949//529 878//529 
f 882//529 876//529 970//529 
f 869//529 965//529 971//529 
f 950//529 955//529 865//529 
f 834//529 972//529 957//529 
f 967//529 960//529 834//529 
f 834//529 973//529 974//529 
f 968//529 975//529 823//529 
f 969//529 976//529 823//529 
f 907//529 977//529 947//529 
f 970//529 964//529 882//529 
f 876//529 872//529 978//529 
f 871//529 971//529 978//529 
f 965//529 869//529 868//529 
f 834//529 979//529 972//529 
f 974//529 966//529 834//529 
f 834//529 980//529 981//529 
f 834//529 982//529 983//529 
f 975//529 984//529 823//529 
f 947//529 835//529 907//529 
f 978//529 970//529 876//529 
f 971//529 871//529 869//529 
f 839//529 837//529 985//529 
f 834//529 986//529 979//529 
f 981//529 973//529 834//529 
f 834//529 987//529 982//529 
f 834//529 823//529 988//529 
f 984//529 989//529 823//529 
f 976//529 990//529 823//529 
f 905//529 991//529 977//529 
f 978//529 872//529 871//529 
f 843//529 840//529 992//529 
f 956//529 985//529 837//529 
f 983//529 980//529 834//529 
f 988//529 993//529 834//529 
f 823//529 994//529 917//529 
f 977//529 907//529 905//529 
f 903//529 910//529 991//529 
f 992//529 913//529 843//529 
f 840//529 839//529 995//529 
f 834//529 996//529 986//529 
f 993//529 987//529 834//529 
f 990//529 994//529 823//529 
f 910//529 903//529 902//529 
f 985//529 995//529 839//529 
f 959//529 997//529 834//529 
f 991//529 905//529 903//529 
f 997//529 996//529 834//529 
f 995//529 992//529 840//529 
f 989//529 988//529 823//529 
o mesh19
f 809//530 998//530 999//530 
f 999//530 1000//530 809//530 
f 1000//530 1001//530 809//530 
f 1001//530 1002//530 809//530 
f 848//530 1003//530 1004//530 
f 1005//530 1003//530 848//530 
f 1006//530 901//530 900//530 
f 900//530 904//530 1007//530 
f 1002//530 1008//530 809//530 
f 848//530 847//530 1005//530 
f 1009//530 1005//530 847//530 
f 1010//530 896//530 901//530 
f 1007//530 1011//530 900//530 
f 1008//530 1012//530 809//530 
f 809//530 1013//530 1014//530 
f 847//530 849//530 1009//530 
f 1015//530 1009//530 849//530 
f 1016//530 897//530 896//530 
f 900//530 1011//530 1006//530 
f 820//530 1017//530 1018//530 
f 1012//530 1019//530 809//530 
f 1014//530 1020//530 809//530 
f 838//530 1021//530 1022//530 
f 849//530 852//530 1015//530 
f 1023//530 1015//530 852//530 
f 1024//530 892//530 897//530 
f 901//530 1006//530 1010//530 
f 836//530 820//530 1025//530 
f 820//530 1026//530 1017//530 
f 820//530 1027//530 1028//530 
f 820//530 1029//530 1030//530 
f 1019//530 1031//530 809//530 
f 809//530 1032//530 1013//530 
f 1022//530 809//530 838//530 
f 852//530 853//530 1023//530 
f 1033//530 1023//530 853//530 
f 1034//530 893//530 892//530 
f 896//530 1010//530 1016//530 
f 820//530 1035//530 1025//530 
f 1018//530 1036//530 820//530 
f 1030//530 1027//530 820//530 
f 820//530 1037//530 1038//530 
f 1031//530 1039//530 809//530 
f 1020//530 1040//530 809//530 
f 838//530 1041//530 1021//530 
f 853//530 856//530 1033//530 
f 1042//530 1033//530 856//530 
f 1043//530 889//530 893//530 
f 897//530 1016//530 1024//530 
f 1025//530 1044//530 836//530 
f 820//530 1045//530 1026//530 
f 1038//530 1029//530 820//530 
f 820//530 1046//530 1047//530 
f 1039//530 1048//530 809//530 
f 1022//530 1032//530 809//530 
f 856//530 857//530 1042//530 
f 1049//530 1042//530 857//530 
f 1050//530 886//530 889//530 
f 892//530 1024//530 1034//530 
f 1036//530 1035//530 820//530 
f 1047//530 1037//530 820//530 
f 820//530 1051//530 1052//530 
f 820//530 1053//530 1054//530 
f 820//530 1055//530 1056//530 
f 809//530 1057//530 1055//530 
f 1048//530 1058//530 809//530 
f 1040//530 1059//530 809//530 
f 857//530 859//530 1049//530 
f 862//530 1060//530 1049//530 
f 885//530 886//530 1050//530 
f 893//530 1034//530 1043//530 
f 820//530 1061//530 1045//530 
f 1052//530 1046//530 820//530 
f 820//530 1062//530 1053//530 
f 1055//530 820//530 809//530 
f 1058//530 1063//530 809//530 
f 1059//530 1064//530 809//530 
f 1049//530 859//530 862//530 
f 863//530 1065//530 1060//530 
f 866//530 1066//530 1065//530 
f 880//530 883//530 1067//530 
f 883//530 885//530 1068//530 
f 889//530 1043//530 1050//530 
f 820//530 1069//530 1061//530 
f 1054//530 1051//530 820//530 
f 1063//530 1057//530 809//530 
f 1064//530 1070//530 809//530 
f 842//530 1071//530 1041//530 
f 1060//530 862//530 863//530 
f 1065//530 863//530 866//530 
f 1072//530 881//530 880//530 
f 1050//530 1068//530 885//530 
f 908//530 836//530 1073//530 
f 820//530 1074//530 1069//530 
f 1056//530 1062//530 820//530 
f 1041//530 838//530 842//530 
f 866//530 867//530 1066//530 
f 867//530 873//530 1075//530 
f 881//530 1072//530 1076//530 
f 1068//530 1067//530 883//530 
f 1044//530 1073//530 836//530 
f 809//530 1077//530 998//530 
f 1070//530 1078//530 809//530 
f 841//530 1079//530 1071//530 
f 1075//530 1066//530 867//530 
f 873//530 870//530 1080//530 
f 874//530 1076//530 1081//530 
f 1067//530 1072//530 880//530 
f 906//530 908//530 1082//530 
f 820//530 1083//530 1074//530 
f 1028//530 1084//530 820//530 
f 1071//530 842//530 841//530 
f 1080//530 1075//530 873//530 
f 870//530 877//530 1085//530 
f 875//530 1081//530 1085//530 
f 1076//530 874//530 881//530 
f 1073//530 1082//530 908//530 
f 1078//530 1077//530 809//530 
f 844//530 1004//530 1079//530 
f 1085//530 1080//530 870//530 
f 1081//530 875//530 874//530 
f 904//530 906//530 1086//530 
f 1084//530 1083//530 820//530 
f 1004//530 844//530 848//530 
f 1086//530 1007//530 904//530 
f 1079//530 841//530 844//530 
f 1082//530 1086//530 906//530 
f 1085//530 877//530 875//530 
o mesh20
f 956//531 943//531 1022//531 
f 1022//531 1021//531 956//531 
o mesh21
f 1032//532 1022//531 943//531 
f 952//532 953//533 1013//533 
f 1014//534 1013//533 953//533 
f 1020//535 1014//534 939//534 
f 938//535 944//536 1040//536 
f 944//536 957//537 1059//537 
f 957//537 972//538 1064//538 
f 1070//539 1064//538 972//538 
f 979//539 986//540 1078//540 
f 986//540 996//541 1077//541 
f 996//541 997//542 998//542 
f 1000//543 999//544 997//542 
f 997//542 959//544 1000//543 
f 959//544 958//543 1000//543 
f 1002//545 1001//546 958//543 
f 958//543 961//546 1002//545 
f 961//546 960//545 1002//545 
f 1012//547 1008//548 960//545 
f 960//545 967//548 1012//547 
f 967//548 966//547 1012//547 
f 1031//549 1019//550 966//547 
f 966//547 974//550 1031//549 
f 974//550 973//549 1031//549 
f 1048//551 1039//552 973//549 
f 973//549 981//552 1048//551 
f 981//552 980//551 1048//551 
f 1063//553 1058//554 980//551 
f 980//551 983//554 1063//553 
f 983//554 982//553 1063//553 
f 1055//555 1057//556 982//553 
f 982//553 987//556 1055//555 
f 987//556 993//555 1055//555 
f 1057//556 1063//553 982//553 
f 1058//554 1048//551 980//551 
f 1039//552 1031//549 973//549 
f 1019//550 1012//547 966//547 
f 1008//548 1002//545 960//545 
f 1001//546 1000//543 958//543 
f 999//544 998//542 997//542 
f 998//542 1077//541 996//541 
f 1077//541 1078//540 986//540 
f 1078//540 1070//539 979//539 
f 972//538 979//539 1070//539 
f 1064//538 1059//537 957//537 
f 1059//537 1040//536 944//536 
f 1040//536 1020//535 938//535 
f 939//534 938//535 1020//535 
f 953//533 939//534 1014//534 
f 1013//533 1032//532 952//532 
f 943//531 952//532 1032//532 
o mesh22
f 1056//555 1055//555 993//555 
f 993//555 988//555 1056//555 
o mesh23
f 1056//555 989//557 984//558 
f 1056//555 988//559 989//557 
f 984//558 1053//558 1062//560 
f 1053//558 975//561 968//562 
f 1053//558 984//558 975//561 
f 968//562 1051//562 1054//561 
f 1051//562 962//563 954//564 
f 1051//562 968//562 962//563 
f 954//564 1046//564 1052//563 
f 1046//564 945//565 940//566 
f 1046//564 954//564 945//565 
f 940//566 1037//566 1047//565 
f 1037//566 932//567 927//568 
f 1037//566 940//566 932//567 
f 927//568 1029//568 1038//567 
f 1029//568 924//569 921//570 
f 1029//568 927//568 924//569 
f 921//570 1027//570 1030//569 
f 1027//570 918//571 917//572 
f 1027//570 921//570 918//571 
f 917//572 1084//572 1028//571 
f 994//573 1083//573 1084//572 
f 1083//573 994//573 990//574 
f 1074//574 990//574 976//575 
f 1069//575 976//575 969//576 
f 1061//576 969//576 963//577 
f 1045//577 963//577 946//578 
f 1026//578 946//578 933//579 
f 1017//579 933//579 929//580 
f 928//581 1036//581 1018//580 
f 1036//581 928//581 941//582 
f 935//583 1025//583 1035//582 
f 1035//582 941//582 935//583 
f 941//582 1035//582 1036//581 
f 1018//580 929//580 928//581 
f 929//580 1018//580 1017//579 
f 933//579 1017//579 1026//578 
f 946//578 1026//578 1045//577 
f 963//577 1045//577 1061//576 
f 969//576 1061//576 1069//575 
f 976//575 1069//575 1074//574 
f 990//574 1074//574 1083//573 
f 1084//572 917//572 994//573 
f 917//572 1028//571 1027//570 
f 921//570 1030//569 1029//568 
f 927//568 1038//567 1037//566 
f 940//566 1047//565 1046//564 
f 954//564 1052//563 1051//562 
f 968//562 1054//561 1053//558 
f 984//558 1062//560 1056//555 
o mesh24
f 1025//583 935//583 934//583 
f 934//583 1044//583 1025//583 
o mesh25
f 947//584 1073//584 1044//583 
f 1073//584 947//584 977//585 
f 1082//585 977//585 991//586 
f 910//587 1007//587 1086//586 
f 911//588 1011//589 1007//587 
f 911//588 1006//588 1011//589 
f 1007//587 910//587 909//589 
f 919//590 1010//591 1006//588 
f 919//590 1016//590 1010//591 
f 1006//588 911//588 914//591 
f 925//592 1024//593 1016//590 
f 925//592 1034//592 1024//593 
f 1016//590 919//590 922//593 
f 936//594 1043//595 1034//592 
f 936//594 1050//594 1043//595 
f 1034//592 925//592 930//595 
f 948//596 1068//597 1050//594 
f 948//596 1067//596 1068//597 
f 1050//594 936//594 942//597 
f 964//598 1072//599 1067//596 
f 964//598 1076//598 1072//599 
f 1067//596 948//596 949//599 
f 1081//600 1076//598 970//600 
f 978//601 1085//601 1081//600 
f 1076//598 964//598 970//600 
f 1080//602 978//601 971//602 
f 971//602 1075//603 1080//602 
f 1080//602 1085//601 978//601 
f 965//603 955//604 1065//605 
f 1065//605 1066//604 965//603 
f 1066//604 1075//603 965//603 
f 950//605 951//606 1049//607 
f 1049//607 1060//606 950//605 
f 1060//606 1065//605 950//605 
f 937//607 931//608 1033//609 
f 1033//609 1042//608 937//607 
f 1042//608 1049//607 937//607 
f 926//609 923//610 1015//611 
f 1015//611 1023//610 926//609 
f 1023//610 1033//609 926//609 
f 920//611 915//612 1005//613 
f 1005//613 1009//612 920//611 
f 1009//612 1015//611 920//611 
f 912//613 916//614 1004//615 
f 1004//615 1003//614 912//613 
f 1003//614 1005//613 912//613 
f 913//615 992//616 1079//616 
f 1071//617 1079//616 992//616 
f 995//617 985//618 1041//618 
f 1021//619 1041//618 985//618 
f 985//618 956//619 1021//619 
f 1041//618 1071//617 995//617 
f 992//616 995//617 1071//617 
f 1079//616 1004//615 913//615 
f 916//614 913//615 1004//615 
f 915//612 912//613 1005//613 
f 923//610 920//611 1015//611 
f 931//608 926//609 1033//609 
f 951//606 937//607 1049//607 
f 955//604 950//605 1065//605 
f 971//602 965//603 1075//603 
f 970//600 978//601 1081//600 
f 1067//596 949//599 964//598 
f 1050//594 942//597 948//596 
f 1034//592 930//595 936//594 
f 1016//590 922//593 925//592 
f 1006//588 914//591 919//590 
f 1007//587 909//589 911//588 
f 1086//586 991//586 910//587 
f 991//586 1086//586 1082//585 
f 977//585 1082//585 1073//584 
f 1044//583 934//620 947//584 
